Sw, kro, krw, Pc
0.0617889658435399 0.0 0.9581822785652904 0.0048385000232142854
0.0718063562512205 0.0 0.954792388362655 0.004149074389285714
0.0818339233219425 0.0 0.9477049273524312 0.0036876779142857143
0.0918805744024677 0.0 0.9350997039064678 0.003406567017857143
0.1018999822151857 0.0 0.9089145598524574 0.003187767348214285
0.111900358583509 0.0 0.8970149658181354 0.0029477854714285707
0.1219437904477675 0.0 0.8802233434405952 0.0028399108553571425
0.1319131714847732 0.0 0.8679763784535769 0.0027411737196428566
0.1419056032832863 0.0 0.8526278894006267 0.0026194039125000002
0.1519652905850628 0.0 0.8166380393868805 0.002546386982142857
0.1619580449691866 0.0 0.8027983946637389 0.0024656221875
0.1718995679997685 0.0 0.7798278632191493 0.002480041596428571
0.1818944698191503 0.0 0.7668890671666665 0.0024028398053571424
0.1918824678638056 0.0002356753506456 0.727738784762927 0.002400613516071429
0.201867676068582 0.0003777840354582 0.7067035919845118 0.0023425421035714283
0.2118525484080654 0.0006947899744561 0.6989020906826346 0.002336429073214286
0.2217851303393604 0.0010244385757694 0.6856264895439333 0.002214917742857143
0.2318101377513596 0.0011900159637859 0.6630943691892258 0.0022049661964285714
0.2417983687437716 0.0019557920608529 0.6506207607375618 0.0021443288035714286
0.2517852889208973 0.0028614013217625 0.6321068538781676 0.0021446654142857143
0.2617546323321371 0.0049208471058813 0.6043994209519202 0.0021097068535714286
0.2717367247915032 0.0065124234567703 0.5856877538793174 0.0021144664071428574
0.2817098966244254 0.0079019735253479 0.5774189904000981 0.0020410529303571427
0.2916944674044615 0.009911558712164 0.5691941468316111 0.0020328683142857144
0.3016838504092947 0.0116278581211589 0.5439726516135501 0.0020530912714285714
0.311650298849839 0.012992806767751 0.5331779062746532 0.0019571451696428566
0.3216566953407095 0.0142889072956182 0.4739622875760286 0.001956838167857143
0.3316388519852056 0.0168427647093305 0.455068797540871 0.0019321832303571432
0.3416189519389381 0.0197924426393663 0.4385574842237702 0.0019259206982142852
0.3515991354440038 0.0215920155499963 0.405061323436692 0.0019313259857142856
0.3615700015921232 0.0256071831166781 0.394237727010335 0.0018739311321428567
0.3715654633714331 0.0300709561457841 0.3627055951570057 0.0018573213910714284
0.3815403942089121 0.0315702123940186 0.3459547567024301 0.001872232575
0.3915249710754691 0.0360580649845818 0.3334521845893862 0.0017977833321428571
0.4014999688646787 0.0415826751310461 0.3056555448726479 0.0018228699803571427
0.4114617096579221 0.0484086430074347 0.2993895357556078 0.0017461146696428572
0.4214528422608707 0.0549443309904824 0.2702592006463672 0.0017631556767857143
0.4314243286808078 0.0592384052682021 0.2486257739758527 0.0017857236857142856
0.4413951323037574 0.0662420759016789 0.2432665960292123 0.0016988153089285715
0.4513798917659431 0.0670740791875508 0.1931100258091793 0.0017623680267857143
0.4613431995616731 0.0736824255948707 0.189989685816643 0.0016981521589285716
0.4713184640511647 0.0838085558269748 0.182787962277766 0.0017312911875000002
0.4812887027343053 0.0938239712171001 0.1794128675045972 0.0016557656357142855
0.4912737488162961 0.1045010510785667 0.17465998052632 0.0016368353732142858
0.5012592790533632 0.1088307935986931 0.1698149759176242 0.001645296032142857
0.5112261474638535 0.1150992632599815 0.1668301910065821 0.0015824328589285716
0.5212256827856444 0.1162467115348786 0.1401836273616701 0.0016559636035714284
0.5411419335852334 0.1288977091448539 0.1356752300307334 0.001538303919642857
0.5511239767991117 0.136116576083526 0.1304759086584863 0.001535422783928571
0.5610918605519618 0.1428872347848909 0.1257013608498301 0.001504906821428571
0.5710718459684363 0.1517049183465174 0.1155144342682088 0.0015175412464285714
0.5810369028089616 0.1636007990496831 0.0536360853448617 0.0014688266249999998
0.5910315124753374 0.1674333620691665 0.0545750306381984 0.0015589539803571428
0.6009739883231092 0.1767444474723255 0.0518602365837417 0.0014416255607142857
0.6109423650841568 0.1874849643458293 0.046689340126258 0.0014050578267857145
0.620914659351421 0.2003044963712199 0.03780551456212 0.0014016880607142857
0.6308852327932144 0.2108621449529131 0.0322979802710989 0.0013483505196428573
0.6408917167086587 0.2479327689252238 0.0 0.0015390218357142858
0.6507775322237963 0.2603753552209734 0.0 0.0013964633517857142
0.660763134049587 0.2807790887189433 0.0 0.0014088089785714286
0.6707261112498839 0.2913914643076748 0.0 0.0013821054857142856
0.680671224861752 0.3022969502197322 0.0 0.001285787019642857
0.6906274401700591 0.3119060509527251 0.0 0.0012309922607142854
0.7006204135666255 0.3113286914817647 0.0 0.0012460752
0.7105794075320943 0.3262548514333836 0.0 0.001220510475
0.7205720276081616 0.3363148107153968 0.0 0.0012737263660714286
0.7305272292893706 0.3421157287235492 0.0 0.0012286956910714287
0.7404574354384269 0.3469382507122511 0.0 0.0010732277517857144
0.7504155333832948 0.3518618479989945 0.0 0.0010279494642857143
0.7602886132284568 0.3627253920849116 0.0 0.0008042018946428571
0.7702784202668325 0.3686490156657062 0.0 0.0007517908232142857
0.7803440128709512 0.3743982944086222 0.0 0.0009225272571428572

0.0718764959590726, 0.0, 0.895425550725688, 0.005322106082142859
0.0819023748120062, 0.0, 0.856302302144702, 0.00498823452321429
0.0919219303885401, 0.0, 0.815856856793028, 0.00474260241964286
0.101961207178954, 0.0, 0.767650420668636, 0.00456272446071429
0.111960804203864, 0.0, 0.752310937529274, 0.00415372847678571
0.121953287196244, 0.0, 0.749190163323047, 0.00395514272678571
0.131945465753059, 0.0, 0.736119687948311, 0.0037576769678571396
0.141931125839816, 0.0, 0.734463178799629, 0.00349519937142857
0.151907704985213, 0.0, 0.732330096002235, 0.00319279236964286
0.161897992603458, 0.0, 0.729527085807782, 0.0029953228928571397
0.171879207598255, 0.0, 0.725969235316722, 0.0027864168642857097
0.181855508370877, 0.0, 0.721176191613034, 0.00261288965357143
0.191833054057603, 0.0, 0.714786093872336, 0.0024556373357142902
0.201813790495219, 0.0003965480333215, 0.70740026372853, 0.0022947343017857102

0.2067965472299617, 0.0059522033651078, 0.7599900870622572, 0.0027764483625
0.2168066351630103, 0.0067519775418246, 0.7523870696630734, 0.002490743892857143
0.226797610107808, 0.0056438786765134, 0.7334755678007391, 0.002284183757142857
0.2318271839054994, 0.0057705659887009, 0.7248019080957776, 0.002502496108928571
0.2416280291894411, 0.0056225959336852, 0.7068523664605948, 0.002042669780357143
0.2518004910333601, 0.0060649889239324, 0.6904028240615175, 0.002134221053571429
0.2618015044434178, 0.0065662106323976, 0.6764122820398041, 0.002071440744642857
0.2718204526875817, 0.0068095299934313, 0.6581074571135581, 0.0022731370178571426
0.2817819141890228, 0.0071311192670022, 0.6438930377292296, 0.002121684798214286
0.2917855490154977, 0.0072932059307479, 0.6253121654695101, 0.0021240567642857146
0.301753022781457, 0.0079633296888866, 0.6095253939825863, 0.0020166000107142857
0.3117465496936617, 0.0086396659192026, 0.5862048058932126, 0.001986552648214286
0.3217261945205421, 0.0094414956956959, 0.5722186060084078, 0.001966039933928572
0.3317033210047646, 0.0106077280548601, 0.5559634305229549, 0.0019041022071428569
0.3416980246292909, 0.0121508919915154, 0.5366791642480025, 0.001922148460714286
0.3516599374266508, 0.0186462133792013, 0.5234398440754718, 0.0018394908214285715
0.3616475133614374, 0.0221361013866453, 0.4926291984744947, 0.0018339982446428568
0.3716229901083567, 0.027548441562838, 0.4618231362402546, 0.0017970690910714285
0.3816013612778663, 0.0296425174970025, 0.4371442312339074, 0.001771839257142857
0.3915818111943797, 0.0324804288230083, 0.4139165327104029, 0.0017742491517857145
0.4013075496943247, 0.0373764840961596, 0.4008115775522136, 0.0020687476446428566
0.4112759984823309, 0.0408533247862924, 0.3857714445477355, 0.0019411217196428569
0.4212711461597551, 0.0437105087673774, 0.3508647164628824, 0.0019060211785714284
0.4312525254115678, 0.0529643246011083, 0.3309347583476175, 0.0019540937089285713
0.4412252559392479, 0.0570820630907668, 0.3114415227134367, 0.001905986046428572
0.4512016469782693, 0.0611267105506609, 0.2969359710903741, 0.0018908084196428568
0.461175541960851, 0.0690360914399354, 0.2600743164772918, 0.0018918843535714288
0.4711467642687136, 0.0774137219406489, 0.2306894034892929, 0.0018892053374999999
0.4811150681963013, 0.0832248809591105, 0.2009359878156422, 0.0018589259410714285
0.4910879374556898, 0.0891714454965728, 0.1941597776118295, 0.00180152685
0.5010666635332244, 0.0983904100529153, 0.1753841524707603, 0.0018154985089285718
0.5110394525622273, 0.1056553953101544, 0.1539565318323263, 0.0017872813660714285
0.5210100631133999, 0.1140321155703159, 0.146704288334616, 0.0017393861357142854
0.5309837073760267, 0.1198479415818549, 0.1498714478204201, 0.0016947054803571426
0.5409765311580469, 0.1221373187931786, 0.1363430764184736, 0.0017314557107142854
0.5509587990728109, 0.1294322068999289, 0.1334455041313422, 0.001663256667857143
0.5609434995282927, 0.1378569077729316, 0.1307804581002684, 0.0016528610624999998
0.5709047314816863, 0.1434611446693073, 0.1305800733065284, 0.0016675805785714283
0.5808917374464421, 0.1523775217864709, 0.1261658360185563, 0.0016084817625
0.5908389625116893, 0.163799620674136, 0.1117486275831995, 0.001569036332142857
0.6008052478650625, 0.1698226148621858, 0.0526863377798155, 0.0015277556410714286
0.6107989006944001, 0.1785597823399341, 0.050478065253151, 0.0015802367517857145
0.6207568454306074, 0.1941873421402055, 0.0470838892005667, 0.001509527555357143
0.6307665610517215, 0.2094223084359759, 0.0373788159844995, 0.0015290377982142855
0.6407473157322688, 0.2133761778950976, 0.0260411443203281, 0.0015376761964285713
0.6507136122287511, 0.2309323058443635, 0.0, 0.001409972255357143
0.6606924335798685, 0.2630269695752095, 0.0, 0.0015681812249999998
0.6706852395329141, 0.2767963038444074, 0.0, 0.0014252407446428569
0.6806020271956381, 0.2866479370467342, 0.0, 0.0014787424607142856
0.6905475306505284, 0.2965729684448066, 0.0, 0.0013793539071428572
0.7005034083399965, 0.3119256548967685, 0.0, 0.0013177676410714289
0.7104926819274554, 0.3186365078991109, 0.0, 0.0013593770785714284
0.7204363356262342, 0.3284970505230948, 0.0, 0.0012521327142857143
0.7303908928572733, 0.3388543496914228, 0.0, 0.0011775496553571429
0.7403296491595999, 0.3458394488445212, 0.0, 0.0010439061267857141
0.7502544208599984, 0.3562995601656541, 0.0, 0.0008981853267857143
0.7602120591607052, 0.364775459657407, 0.0, 0.0008039591464285716
0.7701978115256867, 0.3736489702340886, 0.0, 0.00079973025
0.7801408077810281, 0.3844609072187463, 0.0, 0.0006753387214285713

0.0718304983155269, 0.0, 0.890634822828351, 0.00492232604464286
0.0819119587072253, 0.0, 0.872029361208137, 0.005436762803571429
0.0919333703535498, 0.0, 0.836443796304568, 0.005204293017857139
0.101972670464835, 0.0, 0.806523980295383, 0.005079499591071429
0.111951115524464, 0.0, 0.804164672165045, 0.00440006912678571
0.122022890813536, 0.0, 0.700511592178782, 0.00494210989285714
0.131984087905973, 0.0, 0.689368092836174, 0.00425279905714286
0.141983235184398, 0.0, 0.649303243825542, 0.00448964873035714
0.151943423562167, 0.0, 0.632437129677034, 0.00460313924464286
0.161983644770244, 0.0, 0.625456002775108, 0.004248769425
0.171997100935189, 0.0, 0.582780291169227, 0.00407613583928571
0.182004767665756, 0.0, 0.547531547433865, 0.00394113165
0.191992773610263, 0.0, 0.523964486787963, 0.00385569362142857
0.201986213526751, 0.0, 0.51353200432316, 0.0037411639125
0.211960936490254, 0.0, 0.492157224274507, 0.00359729957142857
0.221982400818213, 0.0, 0.480694722607006, 0.0036962128232142896
0.231942342424115, 0.0, 0.460612580634085, 0.00346847548928571
0.241938304404545, 0.0023053316697052, 0.428324916958642, 0.00340069240178571
0.251913541984437, 0.0036777523298177, 0.375152780901481, 0.00330374050714286
0.261881035364033, 0.0041226288615568, 0.363603709889611, 0.00313655383928571
0.27187768941478, 0.0047585108496733, 0.357497153689051, 0.00317697105
0.281836059444337, 0.0063033650033253, 0.343756316703565, 0.0030350861839285696
0.291780045169455, 0.0078982878552119, 0.333228065996943, 0.0028459696017857096
0.30176941085468, 0.0109128250883524, 0.332429900823181, 0.0029126415535714297
0.31172713262286, 0.0120349496991583, 0.331590710496626, 0.00278823407678571
0.321688482214766, 0.0142192862765235, 0.330614389053698, 0.0026726438142857098
0.331661246530547, 0.0168410809251293, 0.328669176046553, 0.00259867190892857
0.341621019555218, 0.01787193960763, 0.326547945674721, 0.0024710708464285697
0.351583655133553, 0.0191578538039491, 0.324729925115024, 0.0023499221303571395
0.361552903088856, 0.0214756800530191, 0.322878132379371, 0.00224694474642857
0.371521141220403, 0.0257550972063736, 0.320660731716005, 0.00214679245714286
0.381492328414405, 0.0313247127977972, 0.317359372860342, 0.00203003457857143
0.391467889847715, 0.0364662837491586, 0.312553190172007, 0.0019176206464285698
0.401451935796925, 0.0426343471231293, 0.306431870705958, 0.0018012530839285699

0.4018267103260424, 0.0205557195471665, 0.3183141122746341, 0.003245252823214285
0.411740500366028, 0.0238675252625927, 0.3170469963147319, 0.0029459848982142855
0.4216698278085466, 0.029280801410519, 0.3151366490587654, 0.0026541940285714286
0.4316072509295852, 0.0343191243871857, 0.3129856509261255, 0.0024575806017857137
0.4415549336228661, 0.0449107767254707, 0.3099090700244358, 0.0022923488142857144
0.4515145661520816, 0.048792843322111, 0.3066085474321768, 0.002169939605357143
0.4614704024058134, 0.0538384610887843, 0.3020568782946466, 0.0020589695464285707
0.4714511601701165, 0.0574914799634906, 0.2966409952563762, 0.0020390746125
0.4814013852158985, 0.0628015547744891, 0.29029859669372, 0.0019483073249999998
0.4913709773331186, 0.0662218077715083, 0.2669015387487875, 0.0019163266232142852
0.5013398553876727, 0.0715618867485459, 0.2565224163219962, 0.0018815249517857143
0.5112945362290157, 0.0797388236813392, 0.2522382710640077, 0.0018141060696428566
0.5212640387405544, 0.0890527748948579, 0.2337504652720312, 0.0017543608339285713
0.5312340594066856, 0.0961301669720502, 0.2158602500926121, 0.001735550732142857
0.5412003277653383, 0.1026077732452479, 0.1816825507127417, 0.0016940330571428568
0.5511647366669625, 0.1110665454191943, 0.1779116460373618, 0.0016709039035714285
0.5611191253158663, 0.120194637091032, 0.1685763733234225, 0.0016475464071428571
0.5710092271756534, 0.1304640964378958, 0.1645259636870306, 0.001812821667857143
0.5810734924260129, 0.1357255956024767, 0.1475623396173435, 0.0015663166660714286
0.5910461706519499, 0.1422613286150923, 0.1377517412170028, 0.0015273538071428573
0.6008432328734726, 0.1509979203576505, 0.1297168387988909, 0.001894540896428571
0.6109851934848521, 0.1568309782199216, 0.1253792804323288, 0.0014913682660714286
0.620951627140942, 0.1631474799564145, 0.1205709877870966, 0.001457538482142857
0.6309211107295418, 0.1717305819838467, 0.0539249548478069, 0.0014404143053571429
0.6408923196449264, 0.1825087307105593, 0.0524469879360158, 0.0014359218642857143
0.6508508668879385, 0.1908973693324358, 0.0486711139261738, 0.001351991657142857
0.660840136078861, 0.2037028296178445, 0.0386252472907276, 0.0013639974107142855
0.6708197955604333, 0.2176530219302841, 0.0271205320114796, 0.0013241904964285713
0.6807957169562348, 0.2303093539358616, 0.0, 0.0013313400589285713
0.6907562444773638, 0.2645362320367203, 0.0, 0.0013232631375
0.7007223247094366, 0.2840422206878218, 0.0, 0.0013413282589285714
0.7106453756087597, 0.2950040578877611, 0.0, 0.0011889496392857146
0.7206062707115561, 0.3006166397279957, 0.0, 0.0011755778785714282
0.7305783603469472, 0.3086984500903124, 0.0, 0.0011332397517857143
0.740526323258358, 0.3197176517434122, 0.0, 0.0010611251678571427
0.7504564083341323, 0.329722530214639, 0.0, 0.0009451242214285714
0.7603812358781806, 0.3380535309895496, 0.0, 0.0008073426482142856
0.7703276393522149, 0.3475734892600058, 0.0, 0.0007067770392857142
0.7803739192207874, 0.3534013285169922, 0.0, 0.0008175253071428571

0.0718616097176606, 0.0, 0.938487889418317, 0.00553090741071429
0.0819183127383304, 0.0, 0.917653544594912, 0.00549801321428571
0.0919906551617027, 0.0, 0.891845523172417, 0.005251900125
0.102019848842759, 0.0, 0.882997406055657, 0.00509048547321429
0.112081364029978, 0.0, 0.860083241980938, 0.00520395251785714
0.12201342467525, 0.0, 0.849983093809536, 0.004311113298214289
0.132109297434493, 0.0039444076211578, 0.823972744889084, 0.0049645661785714295
0.142060618941294, 0.0039030096878703, 0.800678611670876, 0.00440567535
0.152212507070867, 0.0044618287166902, 0.781614797294977, 0.00489233856428571
0.162185944809533, 0.0044296417423451, 0.756094530893621, 0.004493926757142859
0.17219605224402, 0.0044224941025337, 0.714031462641581, 0.00453157119642857
0.182147622092096, 0.0043742542480371, 0.682588859218513, 0.00411129019821429
0.192229941958819, 0.0044577024000679, 0.648409841115582, 0.004605070939285709
0.20213407862324, 0.0044624366158575, 0.644873074111512, 0.00393723355714286
0.21201544937728, 0.0044488584321042, 0.643213879270743, 0.00326368498392857
0.222028908310322, 0.0055856802114266, 0.635347052931373, 0.0032425238946428596
0.232190005577424, 0.0087037373656882, 0.60146022847842, 0.00464932608214286
0.242127148349516, 0.0093124571967823, 0.600358483606785, 0.0038666486410714298
0.252201862764671, 0.0100832652998209, 0.595113359122946, 0.00419031874285714
0.262082706347833, 0.010368704836248, 0.587993862791529, 0.00365538721071429
0.272248493828179, 0.0119161187600176, 0.509033743469607, 0.00404788609285714
0.28213222770467, 0.0121763711684361, 0.483967519851004, 0.003548306175
0.292241849036055, 0.0124634322517687, 0.380217964015425, 0.0038598022714285696
0.302150092755189, 0.0136311462445381, 0.373145539664496, 0.00351952473214286
0.312169966986409, 0.0160847047986161, 0.322866038723981, 0.0035933497928571398
0.322039601952173, 0.0171891627017194, 0.299443201351402, 0.00334958491607143
0.332108325134052, 0.0226515693246683, 0.2884251254375, 0.00356847479464286
0.341974443964299, 0.0232852189719541, 0.284311658324001, 0.0032692234125
0.351941091675542, 0.0260403032323269, 0.277503621864847, 0.0031263103178571397
0.361810167873436, 0.029929363885788, 0.266146328566444, 0.00279707665178571
0.372054415675567, 0.0519523831617399, 0.22316782528013, 0.00337097398928571
0.381963392777532, 0.0523187147789374, 0.214743195167877, 0.00318376896964286
0.391982070757696, 0.0576286142962606, 0.195696057814106, 0.0032395757678571396
0.401878104179332, 0.0592419223990982, 0.180290606357709, 0.00301910765357143
0.411789253158792, 0.0646533266035572, 0.109293408081344, 0.0028270180660714297
0.421947468447562, 0.0727187815835178, 0.101731070072199, 0.00313854464464286
0.431938953058039, 0.0825446610893794, 0.0784205251846755, 0.00314518752321429
0.441841967197721, 0.0876202508581148, 0.0777763048463153, 0.0029495017875
0.451791965511162, 0.0932428823329948, 0.0730044186067643, 0.00287227041428571
0.461700742498839, 0.0970388073661619, 0.0726073655668382, 0.00269674473214286
0.471740513966106, 0.101930240675804, 0.0706963348263583, 0.0028030217410714296
0.481604294064563, 0.103330211551322, 0.0699340308788654, 0.00252306959464286
0.491531763722234, 0.107687864362579, 0.0674478036948851, 0.00280620224464286
0.50148652652957, 0.109303333884678, 0.0644548668238467, 0.0024453645803571397
0.511475621963934, 0.117696329117252, 0.0645010961081346, 0.00250497401785714
0.521454705031957, 0.118574027765392, 0.0607177600556051, 0.00249406868035714
0.531371436146788, 0.12031816284509, 0.06009173648729, 0.00232972744285714
0.541325030419728, 0.128125829981378, 0.059820254830366, 0.00226133793214286
0.551262693710699, 0.134465189048198, 0.0593194842216796, 0.00213235581964286
0.561183671017877, 0.143367680976447, 0.0582688237866763, 0.0019677477857142902
0.571139639499933, 0.151262563953043, 0.0573447060867834, 0.0018554731285714298
0.581075873719903, 0.159612319543001, 0.0561861869709679, 0.0017434630874999999
0.591005234208135, 0.168182268111998, 0.0547167258229214, 0.00157637891785714
0.600923635528911, 0.177339368474783, 0.0521314368058662, 0.0014411608874999998

0.60134177264995, 0.1090798151504072, 0.0828532648004752, 0.0030774665303571437
0.6111958567384234, 0.1137795061269562, 0.0816606615181252, 0.002621077028571429
0.6210832370617299, 0.1195767365351339, 0.0798745717466961, 0.0023596046624999997
0.6309996320399058, 0.1320221452198741, 0.0775819395408897, 0.0022930039071428565
0.6408844823386883, 0.145173067525938, 0.0741304376319175, 0.0020304853875
0.65086537904099, 0.1536483768087111, 0.0625613027311317, 0.001967011692857142
0.6607951636874154, 0.1686863419611325, 0.0543241950381758, 0.0018638309785714289
0.6707527396801495, 0.1801940983444155, 0.0, 0.0017996253
0.6807167936477634, 0.1999829048461705, 0.0, 0.001737540214285714
0.6906802748845511, 0.227758059026205, 0.0, 0.0017759450625
0.700734853685679, 0.2430266527600351, 0.0, 0.0016235679857142856
0.7106993969767174, 0.260391549783444, 0.0, 0.0015772045017857141
0.7206834464788102, 0.2817926721293429, 0.0, 0.001583791869642857
0.7306226005567144, 0.3108633591430487, 0.0, 0.0015105802714285715
0.7405640233159497, 0.3249311268737829, 0.0, 0.0014428063660714284
0.7504067361952992, 0.330566705957645, 0.0, 0.0010977996803571426
0.7602477753661177, 0.3393776897628413, 0.0, 0.0007501957875
0.7702749520554791, 0.3480169500942927, 0.0, 0.0008199458517857143
0.7802669197002577, 0.3557413221790805, 0.0, 0.0008181217232142857

0.0516672708403957 0.0 0.9584520539232292 0.006725664857142857
0.0616131903815512 0.0 0.950468986970614 0.006089364267857143
0.0716570565219113 0.0 0.9307309352247252 0.005673531535714285
0.0815803721112842 0.0 0.9218842011589806 0.005120696003571429
0.0916698047749562 0.0 0.9051334431143478 0.005283498916071428
0.1016405590118309 0.0 0.8912662177808416 0.005030482366071428
0.1114996853395546 0.0 0.8553868349464506 0.004584942525
0.1218779818426498 0.0 0.8448262111968754 0.004267437
0.1318954932001216 0.0 0.8189066451017921 0.0040298852625
0.1418920272570982 0.0 0.8134391388802737 0.003707288780357143
0.1518835130358894 0.0 0.7921434982972793 0.0036198849910714288
0.1617153131607355 0.0 0.7876609656285287 0.0043974014196428565
0.1716696974040254 0.0 0.7848886398682305 0.0036919792660714285
0.181930166256313 0.0016317703865137 0.7766959281128679 0.003836955048214286
0.1919905226293811 0.0057661719069692 0.7647724201615709 0.0040300923375
0.2018913913420077 0.0059202011728111 0.7604594077341338 0.003470736980357143
0.2120819328931162 0.0074066048566158 0.7247073781670763 0.004355505712499999
0.2219908175618391 0.0072524649466926 0.7207458215174273 0.003834416282142857
0.2317035902212098 0.0069979470537515 0.7167112365577694 0.0029092226892857144
0.2418912358392446 0.0105129514284544 0.7096948418549512 0.00344413155
0.25193392184826 0.0148935000059905 0.7039848674920534 0.003661819028571429
0.2619713098625642 0.0151269475991721 0.6728383656421824 0.003870374598214285
0.2719411223950428 0.0151962963502007 0.6228809386863733 0.004187957860714285
0.2820041063883497 0.0163778022563512 0.6053092594541789 0.003449869864285714
0.291925429561961 0.0169761615879612 0.5908764466653313 0.0040937081571428575
0.3019617766683366 0.0168653663360397 0.5888668735400067 0.003268787389285714
0.3118484529659503 0.0163006183605007 0.5790552684071828 0.003347793176785714
0.321997814630017 0.0163948636380047 0.5574902705979516 0.003936254051785714
0.3320096909588919 0.0164244030345747 0.4936501474356505 0.0038363571
0.341933408455554 0.0164621828420781 0.4846278623828859 0.003445783398214285
0.351965006272195 0.0164698266112363 0.4579914255661644 0.0036188084571428573
0.3619196157609036 0.0176685844706046 0.4374225943737324 0.003511138928571429
0.37180937959631 0.0181690495215085 0.4364037360710882 0.003177670591071429
0.381957256884319 0.0191611554361986 0.3444896714634682 0.0035463968196428573
0.3918478277101018 0.0192953982274271 0.3400968602088423 0.003269082685714286
0.4018688306496435 0.0202786992533856 0.3183258038803104 0.003338119001785714
0.4118420087032716 0.0228180436373501 0.2958211676440361 0.003236620982142857
0.421636317979547 0.0241340231112649 0.2946148737648329 0.003144240546428572
0.4316042186164404 0.0247711802402536 0.2901215661637534 0.0029545157571428575
0.441491702189584 0.0310249863443814 0.2883034008661598 0.002649647367857143
0.45152265491237 0.0272153128192023 0.2858806171270122 0.003204125373214285
0.4615406539379819 0.0433908695957382 0.2745175503947203 0.0033074492625
0.4715688818105547 0.0456981589259097 0.2727543694159817 0.0032087464017857147
0.4815019228970975 0.0474559974680517 0.2720054633731504 0.0030062650714285707
0.491442596862705 0.0503431148544262 0.2708311244051976 0.0028135963285714286
0.5013590503144864 0.0536435248727653 0.269034653710159 0.0025424776392857142
0.5114514344886859 0.0456372693008588 0.2628752360132332 0.0030369454125
0.5213481175779425 0.0487853491154464 0.2565994651291428 0.0030384418982142853
0.5315036051087425 0.045386070247895 0.2093491193060815 0.003107620376785714
0.5413798027218868 0.0497997913040345 0.2064777284963107 0.0027636725464285712
0.5513194993100266 0.0572628535896566 0.1850214931756483 0.002597718423214286
0.5614642823627612 0.058144553436548 0.1786856078183552 0.0030427739410714286
0.5712575545819059 0.06375208231598 0.0901197456826494 0.0029517248785714285
0.5814211689591205 0.0898382192156765 0.0887845225012349 0.003522660841071428
0.5912598150520676 0.0963655172252973 0.0880472662509097 0.003036193596428572
0.6013195073668618 0.1070459340993881 0.0828033945539793 0.0031401171107142863
0.6114230344220952 0.1181749966408746 0.0706928386020474 0.003545335601785714
0.6212459891337517 0.1228703567379069 0.0 0.003034020171428572
0.6311297423914707 0.126636353190381 0.0 0.0027499163517857145
0.6413076368146897 0.1578388219686075 0.0 0.0033380794607142856
0.6511629966735438 0.166235672053838 0.0 0.002928515217857143
0.6610579294847884 0.17501219215757 0.0 0.002674287117857143
0.670962119321964 0.1887588025769457 0.0 0.002459438539285714
0.6809750875484893 0.2166943585107853 0.0 0.0025711456125
0.6909298798677517 0.2214281400866642 0.0 0.002467242921428571
0.7008599238115649 0.2323979217889475 0.0 0.0022814089339285716
0.7107127276241162 0.2429677605179622 0.0 0.0018182130803571428
0.7206699624808778 0.2822737808988271 0.0 0.0016900138767857143
0.730924772056211 0.3305760335110044 0.0 0.002459612646428571
0.7409159646884885 0.3386122675177684 0.0 0.002385491748214285
0.7509102832572631 0.3564644327122764 0.0 0.0023260759553571427
0.7607305654503753 0.3619854758736802 0.0 0.0024803764339285717
0.7710699141182538 0.3740637890467667 0.0 0.002488785182142857

0.0367638580533453, 0.0, 0.983162865594861, 0.00680230425
0.0467689185415249, 0.0, 0.964666584594918, 0.00624583473214286
0.0567709773534503, 0.0, 0.955124336688331, 0.00564436896428571
0.0668317305754566, 0.0, 0.949706941943137, 0.00578840405357143
0.0768033467438131, 0.0, 0.935642631839941, 0.00462955913035714
0.0868443078858677, 0.0, 0.895340026710575, 0.00579256167857143
0.0968330842292336, 0.0, 0.880126610279462, 0.00486826344642857
0.106850911031878, 0.0, 0.858913936675401, 0.0052928579625
0.116839181558604, 0.0, 0.82914543609649, 0.0046752794464285695
0.126858988509012, 0.0, 0.806643485552303, 0.00489979355892857
0.136829043555849, 0.0, 0.804768599081091, 0.00422347849285714
0.146840871317864, 0.0, 0.744979560998701, 0.00482335437857143
0.156836466511779, 0.0, 0.704676537737633, 0.004475100048214289
0.166845969175667, 0.0, 0.667619052749968, 0.004598909689285709
0.176822158700374, 0.0, 0.665512006692037, 0.00395293005
0.186822043661639, 0.0, 0.64751357581166, 0.00455426555357143
0.196822700891588, 0.0, 0.641393655478615, 0.00434060824285714
0.206816994782366, 0.0012970296004277, 0.640538576147372, 0.00401348352857143
0.216779043553361, 0.001414637552585, 0.638972110052586, 0.0035006685803571397
0.226761689841296, 0.0025823056473591, 0.638914922501299, 0.00351350089821429
0.236720963530836, 0.0, 0.640851258250764, 0.00418328649642857
0.24669540840274, 0.0050035503402024, 0.630969374827973, 0.0037415946321428598
0.256662739778992, 0.0060232955645151, 0.614948546079682, 0.00419229220714286
0.26663912665511, 0.0286210378302245, 0.614341515339845, 0.00399940684285714
0.276627825605766, 0.0352161230297855, 0.612378499571375, 0.00387032187321429
0.28661018941031, 0.0383632700890371, 0.599550572747961, 0.004133767457142859
0.296578065852362, 0.0384443635163043, 0.598284373461406, 0.00368261311071429
0.306562988038774, 0.0384499713057119, 0.597176710417984, 0.00375765181607143
0.316569027378893, 0.0386184188783891, 0.596347137120583, 0.00380465981785714
0.326535147559235, 0.0387193944681015, 0.594860148213215, 0.0033550027232142903
0.336475237807206, 0.0396843829336973, 0.580789952102209, 0.00394017986785714
0.346459997468927, 0.0397808008878544, 0.529562594838502, 0.0039019481999999998
0.356464311504419, 0.0398162182512397, 0.509102445724696, 0.00383173933392857
0.366439779065704, 0.0400428295519084, 0.504285713251872, 0.0033962241482142896
0.376432924227545, 0.0400697636663331, 0.495291748580945, 0.0040536921428571395
0.38640737352189, 0.0402408904983028, 0.460813734146878, 0.0035681603624999995
0.396397631935651, 0.0403985760042418, 0.458975418117631, 0.0036226733625
0.406368144705086, 0.0410716908514311, 0.453074711370521, 0.0032319171160714298
0.416325198329461, 0.0496400617773508, 0.454091189538859, 0.00347484998571429
0.426312645729436, 0.0784469173360861, 0.444873106275489, 0.00329893763571429
0.436303915223672, 0.0952526001962163, 0.425766449482092, 0.00367836169285714
0.446279613304671, 0.0960500336394996, 0.423926669991886, 0.0032974130464285697
0.456256037218729, 0.0996884227292212, 0.419949063517663, 0.00300193081607143
0.466221711838184, 0.14061444292836, 0.420747920216933, 0.00312258051964286
0.476207709230459, 0.144300663068429, 0.40831048015752, 0.0030272507571428597
0.486190112284163, 0.168841147182922, 0.343210879979878, 0.00364103952321429
0.496178360145881, 0.169886974980366, 0.323510058037484, 0.0036058278267857096
0.50615545903493, 0.171397556164938, 0.321974935738384, 0.00324436120178571
0.516166049066392, 0.180172532397769, 0.293832887071553, 0.0034877195732142896
0.526134756374466, 0.181823525424378, 0.280223037882813, 0.0030782931214285696
0.536109214513692, 0.183788438867497, 0.271094402639762, 0.0028617685982142895
0.546088395266638, 0.189417585155939, 0.251253313593228, 0.0031021481517857098
0.556063044123613, 0.196343985050827, 0.237373528226664, 0.0028662648267857097
0.5660295943863, 0.207773341739925, 0.161348420061219, 0.00307258715892857
0.576015293816642, 0.228007924882318, 0.160790354151923, 0.002969176575
0.585998173941122, 0.229785338420924, 0.159313371457831, 0.0026460533839285697
0.595975459678285, 0.232207350224621, 0.157354665662293, 0.0023659184624999995
0.605937012583131, 0.248207272387797, 0.160252205785447, 0.00284468476607143
0.615917841800799, 0.252363549754818, 0.156381842051875, 0.00272377929107143
0.625886221848271, 0.287290090849566, 0.157247976142048, 0.0029747745107142898
0.635877968966087, 0.287806772977724, 0.156731969457409, 0.0028661414249999996
0.645863253792626, 0.289245612411371, 0.15525241203695, 0.0025309965
0.655851286060366, 0.295923738567013, 0.154068468905435, 0.00247118608392857
0.665827383266627, 0.298370018091433, 0.151012011396019, 0.00218634471964286
0.67578703452203, 0.314530969205967, 0.156530536118015, 0.0028592476875
0.685761987421794, 0.316571178519481, 0.155353014524528, 0.0025504993875
0.695734087847393, 0.325671236068877, 0.155339340009664, 0.0025525073785714297
0.70569541410216, 0.349010720494798, 0.152587604019307, 0.00273605972142857
0.71567711675184, 0.361820522917115, 0.151902373001944, 0.0025651782107142898
0.725648161319753, 0.372806064968178, 0.151596149425153, 0.00253245539464286
0.735641030631863, 0.376345823222118, 0.14842068680866, 0.0023705488232142902
0.745624773132254, 0.379270622315866, 0.143239102261586, 0.00207378470357143
0.75557321350082, 0.392432572041479, 0.133017964465721, 0.00327719670535714
0.765552030508029, 0.39419150737524, 0.122146580410385, 0.00280805957678571
0.775520432667704, 0.394468053250359, 0.108480532712654, 0.00327433155535714
0.785493859825472, 0.399406124326798, 0.0950007610801082, 0.00299626524642857
0.795469835414618, 0.400833545548574, 0.0, 0.0032081435303571403
0.80544618138316, 0.408921032852849, 0.0, 0.0025527748339285697
0.815431294840127, 0.413532366167903, 0.0, 0.00237895997142857
0.82538634122929, 0.420109738665274, 0.0, 0.00323710812857143
0.835376142473257, 0.435836411760983, 0.0, 0.0025985115803571395
0.845352250735619, 0.447452689403007, 0.0, 0.0024403545964285698
0.855330166670563, 0.456913691103436, 0.0, 0.0021952453553571397
0.865302554554798, 0.454339688425946, 0.0, 0.00228245599821429
0.875274174039985, 0.489797851816215, 0.0, 0.00208312354821429
0.885248590718831, 0.535037949070433, 0.0, 0.00211667127321429
0.895214980668047, 0.624824672150571, 0.0, 0.00203095325892857
0.905186981588733, 0.693593747901803, 0.0, 0.0021029319749999997
0.91515727434175, 0.747194501117819, 0.0, 0.002357805375
0.925121945067196, 0.764286904927224, 0.0, 0.0021410825142857103
0.935097251762206, 0.795926416218107, 0.0, 0.00170045427857143
0.945075261674012, 0.838634742096768, 0.0, 0.00188536690714286
0.955059479586763, 0.856206501738905, 0.0, 0.00108232371964286
0.965049728602838, 0.868515494955764, 0.0, 0.0010061356874999999
0.975046705256625, 0.951861542441212, 0.0, 0.0009544967571428569
0.985058756904694, 0.95702067653227, 0.0, 0.00194119606607143
0.995022316491948, 0.98526349493936, 0.0, 0.00203756173928571