Process;Rev_num;Sw_rev;Sw;Pc;krw;kro;
0;0;1;0,995022316491948;2037,56173928571;0,98526349493936;0;0,00497768399999998
0;0;1;0,985058756904694;1941,19606607143;0,95702067653227;0;0,0149412429999999
0;0;1;0,975046705256625;954,496757142857;0,951861542441212;0;0,0249532949999999
0;0;1;0,965049728602838;1006,1356875;0,868515494955764;0;0,034950271
0;0;1;0,955059479586763;1082,32371964286;0,856206501738905;0;0,04494052
0;0;1;0,945075261674012;1885,36690714286;0,838634742096768;0;0,0549247379999999
0;0;1;0,935097251762206;1700,45427857143;0,795926416218107;0;0,0649027479999999
0;0;1;0,925121945067196;2141,08251428571;0,764286904927224;0;0,074878055
0;0;1;0,91515727434175;2357,805375;0,747194501117819;0;0,0848427259999999
0;0;1;0,905186981588733;2102,931975;0,693593747901803;0;0,0948130179999999
0;0;1;0,895214980668047;2030,95325892857;0,624824672150571;0;0,104785019
0;0;1;0,885248590718831;2116,67127321429;0,535037949070433;0;0,114751409
0;0;1;0,875274174039985;2083,12354821429;0,489797851816215;0;0,124725826
0;0;1;0,865302554554798;2282,45599821429;0,454339688425946;0;0,134697445
0;0;1;0,855330166670563;2195,24535535714;0,456913691103436;0;0,144669833
0;0;1;0,845352250735619;2440,35459642857;0,447452689403007;0;0,154647749
0;0;1;0,835376142473257;2598,51158035714;0,435836411760983;0;0,164623858
0;0;1;0,82538634122929;3237,10812857143;0,420109738665274;0;0,174613659
0;0;1;0,815431294840127;2378,95997142857;0,413532366167903;0;0,184568705
0;0;1;0,80544618138316;2552,77483392857;0,408921032852849;0;0,194553819
0;0;1;0,795469835414618;3208,14353035714;0,400833545548574;0;0,204530164999999
0;0;1;0,785493859825472;2996,26524642857;0,399406124326798;0,0950007610801082;0,21450614
0;0;1;0,775520432667704;3274,33155535714;0,394468053250359;0,108480532712654;0,224479567
0;0;1;0,765552030508029;2808,05957678571;0,39419150737524;0,122146580410385;0,234447968999999
0;0;1;0,75557321350082;3277,19670535714;0,392432572041479;0,133017964465721;0,244426786
0;0;1;0,745624773132254;2073,78470357143;0,379270622315866;0,143239102261586;0,254375227
0;0;1;0,735641030631863;2370,54882321429;0,376345823222118;0,14842068680866;0,264358969
0;0;1;0,725648161319753;2532,45539464286;0,372806064968178;0,151596149425153;0,274351839
0;0;1;0,71567711675184;2565,17821071429;0,361820522917115;0,151902373001944;0,284322882999999
0;0;1;0,70569541410216;2736,05972142857;0,349010720494798;0,152587604019307;0,294304586
0;0;1;0,695734087847393;2552,50737857143;0,325671236068877;0,155339340009664;0,304265911999999
0;0;1;0,685761987421794;2550,4993875;0,316571178519481;0,155353014524528;0,314238013
0;0;1;0,67578703452203;2859,2476875;0,314530969205967;0,156530536118015;0,324212964999999
0;0;1;0,665827383266627;2186,34471964286;0,298370018091433;0,151012011396019;0,334172617
0;0;1;0,655851286060366;2471,18608392857;0,295923738567013;0,154068468905435;0,344148714
0;0;1;0,645863253792626;2530,9965;0,289245612411371;0,15525241203695;0,354136746
0;0;1;0,635877968966087;2866,141425;0,287806772977724;0,156731969457409;0,364122030999999
0;0;1;0,625886221848271;2974,77451071429;0,287290090849566;0,157247976142048;0,374113778
0;0;1;0,615917841800799;2723,77929107143;0,252363549754818;0,156381842051875;0,384082158
0;0;1;0,605937012583131;2844,68476607143;0,248207272387797;0,160252205785447;0,394062987
0;0;1;0,595975459678285;2365,9184625;0,232207350224621;0,157354665662293;0,40402454
0;0;1;0,585998173941122;2646,05338392857;0,229785338420924;0,159313371457831;0,414001826
0;0;1;0,576015293816642;2969,176575;0,228007924882318;0,160790354151923;0,423984706
0;0;1;0,5660295943863;3072,58715892857;0,207773341739925;0,161348420061219;0,433970406
0;0;1;0,556063044123613;2866,26482678571;0,196343985050827;0,237373528226664;0,443936956
0;0;1;0,546088395266638;3102,14815178571;0,189417585155939;0,251253313593228;0,453911605
0;0;1;0,536109214513692;2861,76859821429;0,183788438867497;0,271094402639762;0,463890785
0;0;1;0,526134756374466;3078,29312142857;0,181823525424378;0,280223037882813;0,473865243999999
0;0;1;0,516166049066392;3487,71957321429;0,180172532397769;0,293832887071553;0,483833951
0;0;1;0,50615545903493;3244,36120178571;0,171397556164938;0,321974935738384;0,493844540999999
0;0;1;0,496178360145881;3605,82782678571;0,169886974980366;0,323510058037484;0,50382164
0;0;1;0,486190112284163;3641,03952321429;0,168841147182922;0,343210879979878;0,513809887999999
0;0;1;0,476207709230459;3027,25075714286;0,144300663068429;0,40831048015752;0,523792291
0;0;1;0,466221711838184;3122,58051964286;0,14061444292836;0,420747920216933;0,533778287999999
0;0;1;0,456256037218729;3001,93081607143;0,0996884227292212;0,419949063517663;0,543743963
0;0;1;0,446279613304671;3297,41304642857;0,0960500336394996;0,423926669991886;0,553720387
0;0;1;0,436303915223672;3678,36169285714;0,0952526001962163;0,425766449482092;0,563696085
0;0;1;0,426312645729436;3298,93763571429;0,0784469173360861;0,444873106275489;0,573687354
0;0;1;0,416325198329461;3474,84998571429;0,0496400617773508;0,454091189538859;0,583674802
0;0;1;0,406368144705086;3231,91711607143;0,0410716908514311;0,453074711370521;0,593631854999999
0;0;1;0,396397631935651;3622,6733625;0,0403985760042418;0,458975418117631;0,603602368
0;0;1;0,38640737352189;3568,1603625;0,0402408904983028;0,460813734146878;0,613592626
0;0;1;0,376432924227545;4053,69214285714;0,0400697636663331;0,495291748580945;0,623567076
0;0;1;0,366439779065704;3396,22414821429;0,0400428295519084;0,504285713251872;0,633560221
0;0;1;0,356464311504419;3831,73933392857;0,0398162182512397;0,509102445724696;0,643535688
0;0;1;0,346459997468927;3901,9482;0,0397808008878544;0,529562594838502;0,653540003
0;0;1;0,336475237807206;3940,17986785714;0,0396843829336973;0,580789952102209;0,663524762
0;0;1;0,326535147559235;3355,00272321429;0,0387193944681015;0,594860148213215;0,673464852
0;0;1;0,316569027378893;3804,65981785714;0,0386184188783891;0,596347137120583;0,683430973
0;0;1;0,306562988038774;3757,65181607143;0,0384499713057119;0,597176710417984;0,693437012
0;0;1;0,296578065852362;3682,61311071429;0,0384443635163043;0,598284373461406;0,703421934
0;0;1;0,28661018941031;4133,76745714286;0,0383632700890371;0,599550572747961;0,713389811
0;0;1;0,276627825605766;3870,32187321429;0,0352161230297855;0,612378499571375;0,723372174
0;0;1;0,26663912665511;3999,40684285714;0,0286210378302245;0,614341515339845;0,733360873
0;0;1;0,256662739778992;4192,29220714286;0,00602329556451519;0,614948546079682;0,74333726
0;0;1;0,24669540840274;3741,59463214286;0,00500355034020241;0,630969374827973;0,753304592
0;0;1;0,236720963530836;4183,28649642857;0;0,640851258250764;0,763279036
0;0;1;0,226761689841296;3513,50089821429;0,00258230564735914;0,638914922501299;0,77323831
0;0;1;0,216779043553361;3500,66858035714;0,00141463755258509;0,638972110052586;0,783220956
0;0;1;0,206816994782366;4013,48352857143;0,00129702960042772;0,640538576147372;0,793183004999999
0;0;1;0,196822700891588;4340,60824285714;0;0,641393655478615;0,803177299
0;0;1;0,186822043661639;4554,26555357143;0;0,64751357581166;0,813177956
0;0;1;0,176822158700374;3952,93005;0;0,665512006692037;0,823177841
0;0;1;0,166845969175667;4598,90968928571;0;0,667619052749968;0,833154031
0;0;1;0,156836466511779;4475,10004821429;0;0,704676537737633;0,843163533
0;0;1;0,146840871317864;4823,35437857143;0;0,744979560998701;0,853159129
0;0;1;0,136829043555849;4223,47849285714;0;0,804768599081091;0,863170956
0;0;1;0,126858988509012;4899,79355892857;0;0,806643485552303;0,873141011
0;0;1;0,116839181558604;4675,27944642857;0;0,82914543609649;0,883160818
0;0;1;0,106850911031878;5292,8579625;0;0,858913936675401;0,893149089
0;0;1;0,0968330842292336;4868,26344642857;0;0,880126610279462;0,903166916
0;0;1;0,0868443078858677;5792,56167857143;0;0,895340026710575;0,913155692
0;0;1;0,0768033467438131;4629,55913035714;0;0,935642631839941;0,923196653
0;0;1;0,0668317305754566;5788,40405357143;0;0,949706941943137;0,933168269
0;0;1;0,0567709773534503;5644,36896428571;0;0,955124336688331;0,943229023
0;0;1;0,0467689185415249;6245,83473214286;0;0,964666584594918;0,953231081
0;0;1;0,0367638580533453;6802,30425;0;0,983162865594861;0,963236142
1;1;0,06178896584354;0,06178896584354;4838,50002321429;0;0,95818227856529;0,938211034
1;1;0,06178896584354;0,0718063562512206;4149,07438928571;0;0,954792388362655;0,928193644
1;1;0,06178896584354;0,0818339233219426;3687,67791428571;0;0,947704927352431;0,918166077
1;1;0,06178896584354;0,0918805744024677;3406,56701785714;0;0,935099703906468;0,908119426
1;1;0,06178896584354;0,101899982215186;3187,76734821429;0;0,908914559852457;0,898100018
1;1;0,06178896584354;0,111900358583509;2947,78547142857;0;0,897014965818135;0,888099640999999
1;1;0,06178896584354;0,121943790447768;2839,91085535714;0;0,880223343440595;0,87805621
1;1;0,06178896584354;0,131913171484773;2741,17371964286;0;0,867976378453577;0,868086829
1;1;0,06178896584354;0,141905603283286;2619,4039125;0;0,852627889400627;0,858094397
1;1;0,06178896584354;0,151965290585063;2546,38698214286;0;0,816638039386881;0,848034709
1;1;0,06178896584354;0,161958044969187;2465,6221875;0;0,802798394663739;0,838041955
1;1;0,06178896584354;0,171899567999769;2480,04159642857;0;0,779827863219149;0,828100432
1;1;0,06178896584354;0,18189446981915;2402,83980535714;0;0,766889067166666;0,81810553
1;1;0,06178896584354;0,191882467863806;2400,61351607143;0,000235675350645648;0,727738784762927;0,808117532
1;1;0,06178896584354;0,201867676068582;2342,54210357143;0,000377784035458212;0,706703591984512;0,798132324
1;1;0,06178896584354;0,211852548408065;2336,42907321429;0,000694789974456174;0,698902090682635;0,788147452
1;1;0,06178896584354;0,22178513033936;2214,91774285714;0,00102443857576944;0,685626489543933;0,77821487
1;1;0,06178896584354;0,23181013775136;2204,96619642857;0,00119001596378593;0,663094369189226;0,768189862
1;1;0,06178896584354;0,241798368743772;2144,32880357143;0,00195579206085296;0,650620760737562;0,758201630999999
1;1;0,06178896584354;0,251785288920897;2144,66541428571;0,00286140132176256;0,632106853878168;0,748214710999999
1;1;0,06178896584354;0,261754632332137;2109,70685357143;0,00492084710588132;0,60439942095192;0,738245368
1;1;0,06178896584354;0,271736724791503;2114,46640714286;0,00651242345677037;0,585687753879317;0,728263275
1;1;0,06178896584354;0,281709896624425;2041,05293035714;0,00790197352534799;0,577418990400098;0,718290103
1;1;0,06178896584354;0,291694467404461;2032,86831428571;0,00991155871216401;0,569194146831611;0,708305533
1;1;0,06178896584354;0,301683850409295;2053,09127142857;0,011627858121159;0,54397265161355;0,69831615
1;1;0,06178896584354;0,311650298849839;1957,14516964286;0,0129928067677511;0,533177906274653;0,688349700999999
1;1;0,06178896584354;0,32165669534071;1956,83816785714;0,0142889072956182;0,473962287576029;0,678343305
1;1;0,06178896584354;0,331638851985206;1932,18323035714;0,0168427647093305;0,455068797540871;0,668361148
1;1;0,06178896584354;0,341618951938938;1925,92069821429;0,0197924426393663;0,43855748422377;0,658381048
1;1;0,06178896584354;0,351599135444004;1931,32598571429;0,0215920155499964;0,405061323436692;0,648400864999999
1;1;0,06178896584354;0,361570001592123;1873,93113214286;0,0256071831166781;0,394237727010335;0,638429998
1;1;0,06178896584354;0,371565463371433;1857,32139107143;0,0300709561457842;0,362705595157006;0,628434537
1;1;0,06178896584354;0,381540394208912;1872,232575;0,0315702123940187;0,34595475670243;0,618459606
1;1;0,06178896584354;0,391524971075469;1797,78333214286;0,0360580649845818;0,333452184589386;0,608475029
1;1;0,06178896584354;0,401499968864679;1822,86998035714;0,0415826751310461;0,305655544872648;0,598500030999999
1;1;0,06178896584354;0,411461709657922;1746,11466964286;0,0484086430074348;0,299389535755608;0,58853829
1;1;0,06178896584354;0,421452842260871;1763,15567678571;0,0549443309904824;0,270259200646367;0,578547158
1;1;0,06178896584354;0,431424328680808;1785,72368571429;0,0592384052682021;0,248625773975853;0,568575671
1;1;0,06178896584354;0,441395132303757;1698,81530892857;0,0662420759016789;0,243266596029212;0,558604868
1;1;0,06178896584354;0,451379891765943;1762,36802678571;0,0670740791875508;0,193110025809179;0,548620107999999
1;1;0,06178896584354;0,461343199561673;1698,15215892857;0,0736824255948707;0,189989685816643;0,5386568
1;1;0,06178896584354;0,471318464051165;1731,2911875;0,0838085558269749;0,182787962277766;0,528681536
1;1;0,06178896584354;0,481288702734305;1655,76563571429;0,0938239712171002;0,179412867504597;0,518711297
1;1;0,06178896584354;0,491273748816296;1636,83537321429;0,104501051078567;0,17465998052632;0,508726251
1;1;0,06178896584354;0,501259279053363;1645,29603214286;0,108830793598693;0,169814975917624;0,498740721
1;1;0,06178896584354;0,511226147463854;1582,43285892857;0,115099263259982;0,166830191006582;0,488773853
1;1;0,06178896584354;0,521225682785644;1655,96360357143;0,116246711534879;0,14018362736167;0,478774316999999
1;1;0,06178896584354;0,541141933585233;1538,30391964286;0,128897709144854;0,135675230030733;0,458858066
1;1;0,06178896584354;0,551123976799112;1535,42278392857;0,136116576083526;0,130475908658486;0,448876022999999
1;1;0,06178896584354;0,561091860551962;1504,90682142857;0,142887234784891;0,12570136084983;0,438908139
1;1;0,06178896584354;0,571071845968436;1517,54124642857;0,151704918346517;0,115514434268209;0,428928153999999
1;1;0,06178896584354;0,581036902808962;1468,826625;0,163600799049683;0,0536360853448618;0,418963097
1;1;0,06178896584354;0,591031512475337;1558,95398035714;0,167433362069167;0,0545750306381984;0,408968487999999
1;1;0,06178896584354;0,600973988323109;1441,62556071429;0,176744447472326;0,0518602365837418;0,399026012
1;1;0,06178896584354;0,610942365084157;1405,05782678571;0,187484964345829;0,0466893401262581;0,389057635
1;1;0,06178896584354;0,620914659351421;1401,68806071429;0,20030449637122;0,03780551456212;0,379085341
1;1;0,06178896584354;0,630885232793214;1348,35051964286;0,210862144952913;0,0322979802710989;0,369114767
1;1;0,06178896584354;0,640891716708659;1539,02183571429;0,247932768925224;0;0,359108283
1;1;0,06178896584354;0,650804927457025;1371,151575;0,259418637722089;0;0,349195072999999
1;1;0,06178896584354;0,66079876800848;1443,70066607143;0,281007855006078;0;0,339201231999999
1;1;0,06178896584354;0,670752382189605;1372,08974464286;0,290861385883054;0;0,329247618
1;1;0,06178896584354;0,680689341436108;1273,89189107143;0,303877230742683;0;0,319310659
1;1;0,06178896584354;0,690649263466226;1222,59411428571;0,297178873445445;0;0,309350737
1;1;0,06178896584354;0,700651918406667;1285,84984821429;0,293788002241508;0;0,299348081999999
1;1;0,06178896584354;0,710543743333669;1083,22956428571;0,298610057852542;0;0,289456257
1;1;0,06178896584354;0,720520392230018;1114,95440892857;0,29981229907063;0;0,279479608
1;1;0,06178896584354;0,730416610518511;960,7963125;0,291197065230073;0;0,269583389
1;1;0,06178896584354;0,740365726207328;864,665710714286;0,280122477208405;0;0,259634274
1;1;0,06178896584354;0,750267178903844;707,118857142857;0,26874646447533;0;0,249732821
1;1;0,06178896584354;0,760279478213403;755,349557142857;0,270053029553147;0;0,239720522
0;2;0,201813790495219;0,201813790495219;2294,73430178571;0,000396548033321559;0,70740026372853;0,79818621
0;2;0,201813790495219;0,191833054057603;2455,63733571429;0;0,714786093872336;0,808166946
0;2;0,201813790495219;0,181855508370877;2612,88965357143;0;0,721176191613034;0,818144492
0;2;0,201813790495219;0,171879207598255;2786,41686428571;0;0,725969235316722;0,828120792
0;2;0,201813790495219;0,161897992603458;2995,32289285714;0;0,729527085807782;0,838102007
0;2;0,201813790495219;0,151907704985213;3192,79236964286;0;0,732330096002235;0,848092295
0;2;0,201813790495219;0,141931125839816;3495,19937142857;0;0,734463178799629;0,858068874
0;2;0,201813790495219;0,131945465753059;3757,67696785714;0;0,736119687948311;0,868054534
0;2;0,201813790495219;0,121953287196244;3955,14272678571;0;0,749190163323047;0,878046713
0;2;0,201813790495219;0,111960804203864;4153,72847678571;0;0,752310937529274;0,888039196
0;2;0,201813790495219;0,101961207178954;4562,72446071429;0;0,767650420668636;0,898038793
0;2;0,201813790495219;0,0919219303885401;4742,60241964286;0;0,815856856793028;0,90807807
0;2;0,201813790495219;0,0819023748120062;4988,23452321429;0;0,856302302144702;0,918097625
0;2;0,201813790495219;0,0718764959590726;5322,10608214286;0;0,895425550725688;0,928123504
0;2;0,401451935796925;0,401451935796925;1801,25308392857;0,0426343471231293;0,306431870705958;0,598548064
0;2;0,401451935796925;0,391467889847715;1917,62064642857;0,0364662837491586;0,312553190172007;0,60853211
0;2;0,401451935796925;0,381492328414405;2030,03457857143;0,0313247127977972;0,317359372860342;0,618507672
0;2;0,401451935796925;0,371521141220403;2146,79245714286;0,0257550972063736;0,320660731716005;0,628478859
0;2;0,401451935796925;0,361552903088856;2246,94474642857;0,0214756800530191;0,322878132379371;0,638447097
0;2;0,401451935796925;0,351583655133553;2349,92213035714;0,0191578538039491;0,324729925115024;0,648416345
0;2;0,401451935796925;0,341621019555218;2471,07084642857;0,01787193960763;0,326547945674721;0,65837898
0;2;0,401451935796925;0,331661246530547;2598,67190892857;0,0168410809251293;0,328669176046553;0,668338753
0;2;0,401451935796925;0,321688482214766;2672,64381428571;0,0142192862765235;0,330614389053698;0,678311518
0;2;0,401451935796925;0,31172713262286;2788,23407678571;0,0120349496991583;0,331590710496626;0,688272867
0;2;0,401451935796925;0,30176941085468;2912,64155357143;0,0109128250883524;0,332429900823181;0,698230589
0;2;0,401451935796925;0,291780045169455;2845,96960178571;0,00789828785521193;0,333228065996943;0,708219955
0;2;0,401451935796925;0,281836059444337;3035,08618392857;0,00630336500332535;0,343756316703565;0,718163941
0;2;0,401451935796925;0,27187768941478;3176,97105;0,00475851084967337;0,357497153689051;0,728122311
0;2;0,401451935796925;0,261881035364033;3136,55383928571;0,00412262886155683;0,363603709889611;0,738118965
0;2;0,401451935796925;0,251913541984437;3303,74050714286;0,00367775232981778;0,375152780901481;0,748086458
0;2;0,401451935796925;0,241938304404545;3400,69240178571;0,00230533166970522;0,428324916958642;0,758061696
0;2;0,401451935796925;0,231942342424115;3468,47548928571;0;0,460612580634085;0,768057658
0;2;0,401451935796925;0,221982400818213;3696,21282321429;0;0,480694722607006;0,778017599
0;2;0,401451935796925;0,211960936490254;3597,29957142857;0;0,492157224274507;0,788039064
0;2;0,401451935796925;0,201986213526751;3741,1639125;0;0,51353200432316;0,798013786
0;2;0,401451935796925;0,191992773610263;3855,69362142857;0;0,523964486787963;0,808007226
0;2;0,401451935796925;0,182004767665756;3941,13165;0;0,547531547433865;0,817995232
0;2;0,401451935796925;0,171997100935189;4076,13583928571;0;0,582780291169227;0,828002899
0;2;0,401451935796925;0,161983644770244;4248,769425;0;0,625456002775108;0,838016354999999
0;2;0,401451935796925;0,151943423562167;4603,13924464286;0;0,632437129677034;0,848056576
0;2;0,401451935796925;0,141983235184398;4489,64873035714;0;0,649303243825542;0,858016765
0;2;0,401451935796925;0,131984087905973;4252,79905714286;0;0,689368092836174;0,868015912
0;2;0,401451935796925;0,122022890813536;4942,10989285714;0;0,700511592178782;0,877977109
0;2;0,401451935796925;0,111951115524464;4400,06912678571;0;0,804164672165045;0,888048884
0;2;0,401451935796925;0,101972670464835;5079,49959107143;0;0,806523980295383;0,89802733
0;2;0,401451935796925;0,0919333703535498;5204,29301785714;0;0,836443796304568;0,90806663
0;2;0,401451935796925;0,0819119587072253;5436,76280357143;0;0,872029361208137;0,918088041
0;2;0,401451935796925;0,0718304983155269;4922,32604464286;0;0,890634822828351;0,928169502
0;2;0,600923635528911;0,600923635528911;1441,1608875;0,177339368474783;0,0521314368058662;0,399076364
0;2;0,600923635528911;0,591005234208135;1576,37891785714;0,168182268111998;0,0547167258229214;0,408994765999999
0;2;0,600923635528911;0,581075873719903;1743,4630875;0,159612319543001;0,0561861869709679;0,418924125999999
0;2;0,600923635528911;0,571139639499933;1855,47312857143;0,151262563953043;0,0573447060867834;0,428860361
0;2;0,600923635528911;0,561183671017877;1967,74778571429;0,143367680976447;0,0582688237866763;0,438816329
0;2;0,600923635528911;0,551262693710699;2132,35581964286;0,134465189048198;0,0593194842216796;0,448737305999999
0;2;0,600923635528911;0,541325030419728;2261,33793214286;0,128125829981378;0,059820254830366;0,45867497
0;2;0,600923635528911;0,531371436146788;2329,72744285714;0,12031816284509;0,06009173648729;0,468628563999999
0;2;0,600923635528911;0,521454705031957;2494,06868035714;0,118574027765392;0,0607177600556051;0,478545295
0;2;0,600923635528911;0,511475621963934;2504,97401785714;0,117696329117252;0,0645010961081346;0,488524378
0;2;0,600923635528911;0,50148652652957;2445,36458035714;0,109303333884678;0,0644548668238467;0,498513473
0;2;0,600923635528911;0,491531763722234;2806,20224464286;0,107687864362579;0,0674478036948851;0,508468236
0;2;0,600923635528911;0,481604294064563;2523,06959464286;0,103330211551322;0,0699340308788654;0,518395706
0;2;0,600923635528911;0,471740513966106;2803,02174107143;0,101930240675804;0,0706963348263583;0,528259486
0;2;0,600923635528911;0,461700742498839;2696,74473214286;0,0970388073661619;0,0726073655668382;0,538299258
0;2;0,600923635528911;0,451791965511162;2872,27041428571;0,0932428823329948;0,0730044186067643;0,548208034
0;2;0,600923635528911;0,441841967197721;2949,5017875;0,0876202508581148;0,0777763048463153;0,558158033
0;2;0,600923635528911;0,431938953058039;3145,18752321429;0,0825446610893794;0,0784205251846755;0,568061047
0;2;0,600923635528911;0,421947468447562;3138,54464464286;0,0727187815835178;0,101731070072199;0,578052532
0;2;0,600923635528911;0,411789253158792;2827,01806607143;0,0646533266035572;0,109293408081344;0,588210747
0;2;0,600923635528911;0,401878104179332;3019,10765357143;0,0592419223990982;0,180290606357709;0,598121896
0;2;0,600923635528911;0,391982070757696;3239,57576785714;0,0576286142962606;0,195696057814106;0,608017929
0;2;0,600923635528911;0,381963392777532;3183,76896964286;0,0523187147789374;0,214743195167877;0,618036607
0;2;0,600923635528911;0,372054415675567;3370,97398928571;0,0519523831617399;0,22316782528013;0,627945584
0;2;0,600923635528911;0,361810167873436;2797,07665178571;0,029929363885788;0,266146328566444;0,638189832
0;2;0,600923635528911;0,351941091675542;3126,31031785714;0,0260403032323269;0,277503621864847;0,648058908
0;2;0,600923635528911;0,341974443964299;3269,2234125;0,0232852189719541;0,284311658324001;0,658025556
0;2;0,600923635528911;0,332108325134052;3568,47479464286;0,0226515693246683;0,2884251254375;0,667891675
0;2;0,600923635528911;0,322039601952173;3349,58491607143;0,0171891627017194;0,299443201351402;0,677960398
0;2;0,600923635528911;0,312169966986409;3593,34979285714;0,0160847047986161;0,322866038723981;0,687830033
0;2;0,600923635528911;0,302150092755189;3519,52473214286;0,0136311462445381;0,373145539664496;0,697849906999999
0;2;0,600923635528911;0,292241849036055;3859,80227142857;0,0124634322517687;0,380217964015425;0,707758151
0;2;0,600923635528911;0,28213222770467;3548,306175;0,0121763711684361;0,483967519851004;0,717867772
0;2;0,600923635528911;0,272248493828179;4047,88609285714;0,0119161187600176;0,509033743469607;0,727751505999999
0;2;0,600923635528911;0,262082706347833;3655,38721071429;0,010368704836248;0,587993862791529;0,737917294
0;2;0,600923635528911;0,252201862764671;4190,31874285714;0,0100832652998209;0,595113359122946;0,747798137
0;2;0,600923635528911;0,242127148349516;3866,64864107143;0,00931245719678235;0,600358483606785;0,757872852
0;2;0,600923635528911;0,232190005577424;4649,32608214286;0,00870373736568826;0,60146022847842;0,767809994
0;2;0,600923635528911;0,222028908310322;3242,52389464286;0,00558568021142669;0,635347052931373;0,777971092
0;2;0,600923635528911;0,21201544937728;3263,68498392857;0,00444885843210422;0,643213879270743;0,787984551
0;2;0,600923635528911;0,20213407862324;3937,23355714286;0,0044624366158575;0,644873074111512;0,797865921
0;2;0,600923635528911;0,192229941958819;4605,07093928571;0,00445770240006793;0,648409841115582;0,807770058
0;2;0,600923635528911;0,182147622092096;4111,29019821429;0,00437425424803717;0,682588859218513;0,817852378
0;2;0,600923635528911;0,17219605224402;4531,57119642857;0,00442249410253377;0,714031462641581;0,827803948
0;2;0,600923635528911;0,162185944809533;4493,92675714286;0,00442964174234515;0,756094530893621;0,837814055
0;2;0,600923635528911;0,152212507070867;4892,33856428571;0,00446182871669028;0,781614797294977;0,847787493
0;2;0,600923635528911;0,142060618941294;4405,67535;0,00390300968787031;0,800678611670876;0,857939381
0;2;0,600923635528911;0,132109297434493;4964,56617857143;0,00394440762115788;0,823972744889084;0,867890703
0;2;0,600923635528911;0,12201342467525;4311,11329821429;0;0,849983093809536;0,877986575
0;2;0,600923635528911;0,112081364029978;5203,95251785714;0;0,860083241980938;0,887918636
0;2;0,600923635528911;0,102019848842759;5090,48547321429;0;0,882997406055657;0,897980151
0;2;0,600923635528911;0,0919906551617027;5251,900125;0;0,891845523172417;0,908009345
0;2;0,600923635528911;0,0819183127383304;5498,01321428571;0;0,917653544594912;0,918081687
0;2;0,600923635528911;0,0718616097176606;5530,90741071429;0;0,938487889418317;0,92813839
0;2;0,750881253682593;0,750881253682593;2332,19552678571;0,265772808300365;0;0,249118745999999
0;2;0,750881253682593;0,740884257998702;2318,8488375;0,264075257916902;0;0,259115742
0;2;0,750881253682593;0,730910614563467;2393,48214107143;0,258914306561138;0;0,269089385
0;2;0,750881253682593;0,72100516590088;2522,64419464286;0,245893460203069;0;0,278994834
0;2;0,750881253682593;0,710663461323938;1718,91430178571;0,242433500776318;0;0,289336539
0;2;0,750881253682593;0,700812907624611;2087,03389285714;0,235928063013734;0;0,299187092
0;2;0,750881253682593;0,690961594727831;2489,25162857143;0,22860213827728;0;0,309038405
0;2;0,750881253682593;0,68104841000945;2687,20233214286;0,222325675867682;0;0,318951589999999
0;2;0,750881253682593;0,671098783813338;2776,41990535714;0,202697576677514;0;0,328901216
0;2;0,750881253682593;0,661265453367172;3182,40011785714;0,191346121140956;0;0,338734547
0;2;0,750881253682593;0,651240594582609;3105,61638214286;0,189614782499548;0;0,348759405
0;2;0,750881253682593;0,641336708647626;3373,5705;0,184966042479125;0,0978601836739994;0,358663291
0;2;0,750881253682593;0,631063608920789;2632,97421428571;0,181394136330073;0,133106417010949;0,368936391
0;2;0,750881253682593;0,621053823253535;2540,98343035714;0,151487962671775;0,128990891402915;0,378946177
0;2;0,750881253682593;0,611213571364899;2993,82013392857;0,14603055111447;0,133400876613114;0,388786429
0;2;0,750881253682593;0,60120606883159;2914,59124821429;0,133369645391348;0,133543940375063;0,398793931
0;2;0,750881253682593;0,591354428981163;3346,48145892857;0,130000071564849;0,146019620186852;0,408645571
0;2;0,750881253682593;0,581308523248239;3196,62724285714;0,105544892750425;0,146423927811813;0,418691477
0;2;0,750881253682593;0,571468171611032;3573,76444821429;0,100349160878022;0,14831206744979;0,428531828
0;2;0,750881253682593;0,561516012909549;3750,42121607143;0,0990143751266959;0,162451306754041;0,438483987
0;2;0,750881253682593;0,551338107676742;3114,16779642857;0,0538585330186946;0,163475118309159;0,448661891999999
0;2;0,750881253682593;0,54136119082592;3055,66817678571;0,0474269887771039;0,168649658945248;0,458638809
0;2;0,750881253682593;0,531360254519339;2933,88680357143;0,0467660785510257;0,172263169198682;0,468639745
0;2;0,750881253682593;0,521505809517448;3450,44628214286;0,0459251368959173;0,174442535959125;0,47849419
0;2;0,750881253682593;0,511342606115605;2994,22647857143;0,0458881000762849;0,285905849767048;0,488657393999999
0;2;0,750881253682593;0,501391340163827;3188,43103928571;0,0416906608595678;0,317870876588187;0,49860866
0;2;0,750881253682593;0,491272886741472;2633,77082678571;0,0468514256642645;0,317592851170121;0,508727113
0;2;0,750881253682593;0,481315277888933;2837,83051071429;0,0441097441331499;0,321492154442091;0,518684721999999
0;2;0,750881253682593;0,471391875037828;3083,44543928571;0,0420442700156229;0,324108018535778;0,528608125
0;2;0,750881253682593;0,461469161006018;3387,31465714286;0,0406198303945241;0,326334602014607;0,538530839
0;2;0,750881253682593;0,45152401739983;3552,02041071429;0,0385602438930056;0,328862754942739;0,548475983
0;2;0,750881253682593;0,441524419940728;3527,89253035714;0,0375191104280197;0,333804187154785;0,55847558
0;2;0,750881253682593;0,431527561134042;3720,47148214286;0,0249167946055864;0,372619626474909;0,568472439
0;2;0,750881253682593;0,421618259960003;3833,05503214286;0,0200939879656871;0,380671347436648;0,57838174
0;2;0,750881253682593;0,41160981203191;3850,92156428571;0,0199757853498391;0,407499787114677;0,588390188
0;2;0,750881253682593;0,401720856241285;4161,232425;0,0182258125082973;0,412614148949609;0,598279143999999
0;2;0,750881253682593;0,391626697691575;3900,30770357143;0,0175814393910459;0,421784275723121;0,608373302
0;2;0,750881253682593;0,381559481230738;3424,03195178571;0,0177999630596723;0,436216011018735;0,618440519
0;2;0,750881253682593;0,371693254260203;3956,03885892857;0,0176973020775597;0,438001079583891;0,628306746
0;2;0,750881253682593;0,361728682957448;4262,44782321429;0,0163167678934034;0,454750342003589;0,638271317
0;2;0,750881253682593;0,351686779358833;3860,16059464286;0,0164099244202825;0,482262330522979;0,648313221
0;2;0,750881253682593;0,341783587230574;4287,15827678571;0,0162159482989799;0,48774878132701;0,658216413
0;2;0,750881253682593;0,331669111005385;3810,10434642857;0,0164033066819939;0,536237938810124;0,668330888999999
0;2;0,750881253682593;0,321670064934214;3634,147275;0,0165101393319365;0,578386032535632;0,678329935
0;2;0,750881253682593;0,311764099795696;4115,16853392857;0,0163584202437499;0,579819790060897;0,6882359
0;2;0,750881253682593;0,301754616699105;4022,38307678571;0,0163264106537385;0,59246774335044;0,698245382999999
0;2;0,750881253682593;0,291764131271912;4025,16449464286;0,0162376219949498;0,595021354066447;0,708235869
0;2;0,750881253682593;0,281901784520766;4586,95808571429;0,0150087657290894;0,596894986142553;0,718098214999999
0;2;0,750881253682593;0,271847220057771;4352,02656428571;0,0133739873674372;0,610198441285424;0,72815278
0;2;0,750881253682593;0,261979287386681;4919,76613928571;0,0127063318729012;0,612550705504776;0,738020713
0;2;0,750881253682593;0,251877952481488;3977,2818;0,00801521323952924;0,633830296263197;0,748122047999999
0;2;0,750881253682593;0,241855918798102;4209,47854285714;0,00759105835003783;0,642556270676914;0,758144081
0;2;0,750881253682593;0,231875959615882;4214,60773392857;0,00628624894291079;0,650666980372657;0,76812404
0;2;0,750881253682593;0,222027910159832;4966,72883035714;0,00591370115467874;0,652249415882073;0,77797209
0;2;0,750881253682593;0,211971783523391;4755,63518571429;0,00567150206496753;0,702341738557846;0,788028216
0;2;0,750881253682593;0,201996668242583;4955,22792321429;0,0053164304128737;0,721882785943988;0,798003332
0;2;0,750881253682593;0,191862215149531;4826,1789;0,00493039240936573;0,733023020642921;0,808137785
0;2;0,750881253682593;0,181864032457653;4833,93801964286;0,00433401325300595;0,73363479556938;0,818135968
0;2;0,750881253682593;0,171990016232085;5376,28114285714;0,00411987964561408;0,735142047782322;0,828009984
0;2;0,750881253682593;0,161772649356499;4553,9737125;0;0,770048824113141;0,838227351
0;2;0,750881253682593;0,151773647618026;4822,56558214286;0;0,774184082321126;0,848226352
0;2;0,750881253682593;0,141753309106179;4150,64613214286;0;0,774932843626061;0,858246691
0;2;0,750881253682593;0,131827309467291;4750,36703571429;0;0,777508776142177;0,868172691
0;2;0,750881253682593;0,12172772902862;4074,06424821429;0;0,800515475979017;0,878272270999999
0;2;0,750881253682593;0,111813937506434;4781,5332375;0;0,826011957119307;0,888186061999999
0;2;0,750881253682593;0,101840403240468;5122,31886428571;0;0,840040549125932;0,898159597
0;2;0,750881253682593;0,0918452783964313;5398,74428571429;0;0,848903381262216;0,908154722
0;2;0,750881253682593;0,0818632909932793;5843,46616071429;0;0,870092864638787;0,918136709
0;2;0,750881253682593;0,0717502921552504;5344,23064285714;0;0,88582039007989;0,928249708
1;3;0,201952709891945;0,201952709891945;4781,75051785714;0,00541624938596957;0,72191051129225;0,79804729
1;3;0,201952709891945;0,211862542688231;4144,42591071429;0,00574799523940975;0,720021713900941;0,788137457
1;3;0,201952709891945;0,221798007171814;3674,30890714286;0,00599258379097982;0,716702053742307;0,778201993
1;3;0,201952709891945;0,231743191150394;3372,41718214286;0,00611293898099535;0,711846451103156;0,768256809
1;3;0,201952709891945;0,241707617754328;3068,49859285714;0,00618215296495984;0,705425797584212;0,758292382
1;3;0,201952709891945;0,251664743365615;2792,44731428571;0,00630183657113349;0,698256350596356;0,748335256999999
1;3;0,201952709891945;0,261669597787971;2745,05930892857;0,00681012164979009;0,68835976823603;0,738330402
1;3;0,201952709891945;0,271644032886839;2639,39020714286;0,00708199474231548;0,665558998262582;0,728355966999999
1;3;0,201952709891945;0,281637070484522;2545,86254464286;0,00818856019001834;0,642036822446725;0,71836293
1;3;0,201952709891945;0,291613016037954;2470,22215178571;0,00981913391576399;0,630513595190456;0,708386984
1;3;0,201952709891945;0,301581427069041;2389,5526875;0,0103162855945668;0,615505835228931;0,698418573
1;3;0,201952709891945;0,311537061640347;2426,33890178571;0,0109065584198739;0,601681355820992;0,688462938
1;3;0,201952709891945;0,3215068200435;2344,83773035714;0,0117056701794822;0,58659887894066;0,67849318
1;3;0,201952709891945;0,331494513638512;2309,49461785714;0,0133848354728141;0,575486240934081;0,668505485999999
1;3;0,201952709891945;0,341479694431769;2266,13702678571;0,0147901803056269;0,559263149015786;0,658520306
1;3;0,201952709891945;0,351456315057991;2222,65426607143;0,0223118839543005;0,538694864610965;0,648543684999999
1;3;0,201952709891945;0,361441392121904;2184,53916428571;0,0301062721926416;0,515246215646762;0,638558608
1;3;0,201952709891945;0,371426835844086;2125,10386607143;0,0327708003836841;0,497774502055399;0,628573164
1;3;0,201952709891945;0,381417348991265;2119,27752857143;0,0348170597412907;0,452096041957265;0,618582651
1;3;0,201952709891945;0,391394779482953;2073,58490357143;0,037014470492888;0,431798079697993;0,608605220999999
1;3;0,201952709891945;0,401372340884401;2061,47756785714;0,0399172340459236;0,410827568677529;0,598627658999999
1;3;0,201952709891945;0,411335167171986;1969,69469464286;0,0437954763456865;0,39501067562605;0,588664832999999
1;3;0,201952709891945;0,421331285586653;1994,50773214286;0,0487491501674175;0,357126994558579;0,578668714
1;3;0,201952709891945;0,431304715010118;1955,36909464286;0,0521691136886429;0,340726164502822;0,568695285
1;3;0,201952709891945;0,441280460870695;2001,717525;0,0590371134503078;0,330190097949764;0,558719538999999
1;3;0,201952709891945;0,451237105555025;1896,88993392857;0,0634700975123335;0,321264063598475;0,548762894
1;3;0,201952709891945;0,461242499148088;1891,33871785714;0,0688640752739989;0,288026678089167;0,538757501
1;3;0,201952709891945;0,471239344222866;1906,55875178571;0,0759808907379245;0,238508273338805;0,528760656
1;3;0,201952709891945;0,480737535160919;2282,35204285714;0,0853012699222669;0,231817571068117;0,519262465
1;3;0,201952709891945;0,490762161949396;2186,94253392857;0,0914897123921291;0,197982337634434;0,509237838
1;3;0,201952709891945;0,500732751851408;2052,8847375;0,0987317325697176;0,182782044105979;0,499267248
1;3;0,201952709891945;0,510722254885563;2045,90756785714;0,108072706348598;0,176885277446064;0,489277745
1;3;0,201952709891945;0,520704894587245;2103,24640178571;0,117174725900597;0,174504499861011;0,479295105
1;3;0,201952709891945;0,530636162192667;2023,28769642857;0,124998762893031;0,167141361403051;0,469363838
1;3;0,201952709891945;0,540611799886282;2074,10142857143;0,135604892237409;0,160481665206288;0,4593882
1;3;0,201952709891945;0,550907317243207;2344,4756625;0,141441832291716;0,144992053487407;0,449092683
1;3;0,201952709891945;0,560575901101803;2019,65908392857;0,1473205227965;0,141193793349503;0,439424099
1;3;0,201952709891945;0,570823334083439;2164,31716071429;0,156940084863045;0,128621870877231;0,429176666
1;3;0,201952709891945;0,580898239836143;1587,6859875;0,164657835993147;0,127677361215856;0,41910176
1;3;0,201952709891945;0,590952242502725;1302,40841785714;0,178213135076723;0,123983899356343;0,409047756999999
1;3;0,201952709891945;0,600865272523599;1552,66658571429;0,18578593441942;0,11725916920608;0,399134726999999
1;3;0,201952709891945;0,610842972870793;1537,75388571429;0,191421995962938;0,100608569786141;0,389157027
1;3;0,201952709891945;0,62082242301637;1557,03615;0,197089932007765;0,0492298150740178;0,379177577
1;3;0,201952709891945;0,630787058202294;1466,59067678571;0,206037387567803;0,0459607215119835;0,369212942
1;3;0,201952709891945;0,640781723261442;1496,93292857143;0,216023546604356;0,0400725104699776;0,359218277
1;3;0,201952709891945;0,650756535052572;1527,68030357143;0,234564696352356;0;0,349243465
1;3;0,201952709891945;0,660718737185504;1526,79759642857;0,271929974518893;0;0,339281263
1;3;0,201952709891945;0,670749325883229;1365,40546071429;0,282221562682003;0;0,329250673999999
1;3;0,201952709891945;0,680772732075204;1397,42329285714;0,301375146717992;0;0,319227268
1;3;0,201952709891945;0,690716169703558;1320,07235892857;0,327043785545718;0;0,30928383
1;3;0,201952709891945;0,700641664954827;1204,51723928571;0,330564084593511;0;0,299358335
1;3;0,201952709891945;0,710624642471751;1206,38216785714;0,337147214442784;0;0,289375358
1;3;0,201952709891945;0,720590949687242;1170,03085178571;0,351314465354693;0;0,27940905
1;3;0,201952709891945;0,730520633344802;1053,40855714286;0,362806123667436;0;0,269479366999999
1;3;0,201952709891945;0,740506649400508;1064,15800714286;0,369524503040421;0;0,259493351
1;3;0,201952709891945;0,750362635994053;828,4661625;0,378151943110287;0;0,249637364
1;3;0,201952709891945;0,760310767526008;735,204589285714;0,386819170019828;0;0,239689232
1;3;0,201952709891945;0,770334540342407;816,965716071429;0,393290819524467;0;0,22966546
1;3;0,401558454142751;0,401558454142751;3324,47057142857;0,0189937162042036;0,410833535095281;0,598441546
1;3;0,401558454142751;0,411506262951792;2982,68115;0,0210680643630129;0,408010116857357;0,588493737
1;3;0,401558454142751;0,421452860104915;2788,7990625;0,0255845059046227;0,402392179714936;0,57854714
1;3;0,401558454142751;0,431392577338155;2599,02705;0,0348112042892593;0,395565761542867;0,568607423
1;3;0,401558454142751;0,441351976767807;2486,68501071429;0,0401979049511055;0,384564780782796;0,558648022999999
1;3;0,401558454142751;0,451302161176955;2303,44902857143;0,043288615487936;0,377247701140044;0,548697839
1;3;0,401558454142751;0,461287162385727;2264,05733035714;0,0474741556413244;0,368319302736439;0,538712838
1;3;0,401558454142751;0,471255361854826;2170,01364107143;0,0529432748862943;0,359530142189706;0,528744638
1;3;0,401558454142751;0,481227696710008;2079,83109642857;0,056761597304916;0,343720212639269;0,518772303
1;3;0,401558454142751;0,491191481180121;2000,256375;0,0590984935760095;0,326726906043314;0,508808519
1;3;0,401558454142751;0,501188470792146;2036,79168214286;0,0629692191543238;0,296156300203445;0,498811529
1;3;0,401558454142751;0,511138396670316;1931,0550375;0,068571030886826;0,288281915329456;0,488861603
1;3;0,401558454142751;0,521119737945899;1881,94847678571;0,0750199372432561;0,269690284219396;0,478880262
1;3;0,401558454142751;0,531102751905817;1915,48335;0,0837171361548593;0,229254584552784;0,468897248
1;3;0,401558454142751;0,541028006938306;1889,25169285714;0,0894368947995915;0,197705454037556;0,458971993
1;3;0,401558454142751;0,55012787280918;2282,13027857143;0,099532848788379;0,168207629407942;0,449872127
1;3;0,401558454142751;0,560123241792275;2193,13070357143;0,109127250583836;0,158216044308452;0,439876758
1;3;0,401558454142751;0,570105880075956;2174,16137142857;0,120425577663018;0,156496603122173;0,42989412
1;3;0,401558454142751;0,579912318502189;2328,81872142857;0,129924910783158;0,151879576783173;0,420087681
1;3;0,401558454142751;0,590115182997332;1934,64743571429;0,140723576910864;0,133114203909805;0,409884817
1;3;0,401558454142751;0,600105332149231;1890,27260892857;0,151343964546291;0,132042074020086;0,399894667999999
1;3;0,401558454142751;0,610085670507289;1873,91643214286;0,16560524202066;0,130154014792052;0,389914329
1;3;0,401558454142751;0,620098852247673;1716,06148392857;0,172977515048118;0,125024527846888;0,379901147999999
1;3;0,401558454142751;0,630757817570111;1587,83507142857;0,184904094659228;0,107865517265502;0,369242182
1;3;0,401558454142751;0,640861768602882;1380,51338035714;0,192407323319454;0,0528853009257677;0,359138231
1;3;0,401558454142751;0,650834382207852;1356,08871428571;0,205016776328406;0,0468965854963139;0,349165618
1;3;0,401558454142751;0,660816582811109;1360,15371964286;0,214666918296181;0,044706360177201;0,339183417
1;3;0,401558454142751;0,670801102311283;1386,343125;0,22685561823868;0,0338218564356058;0,329198898
1;3;0,401558454142751;0,680774666830817;1383,87147321429;0,240704960400918;0;0,319225333
1;3;0,401558454142751;0,690536177402754;1740,26449821429;0,2741221747062;0;0,309463822999999
1;3;0,401558454142751;0,700508791007725;1612,05242678571;0,285257038020957;0;0,299491209
1;3;0,401558454142751;0,7104762496548;1369,38748392857;0,294940984328665;0;0,289523749999999
1;3;0,401558454142751;0,720445860371676;1446,31238571429;0,302137706369103;0;0,27955414
1;3;0,401558454142751;0,730407190902677;1378,95520178571;0,317773709213363;0;0,269592809
1;3;0,401558454142751;0,740335500786448;1230,3250125;0,321122429525309;0;0,259664499
1;3;0,401558454142751;0,750207856855394;922,103019642857;0,328880268228271;0;0,249792142999999
1;3;0,401558454142751;0,76036632698979;858,733992857143;0,335388472092885;0;0,239633673
1;3;0,601190060473877;0,601190060473877;2853,18126964286;0,133479741076768;0,133585772843681;0,39880994
1;3;0,601190060473877;0,611093326625756;2534,36998392857;0,138625239249733;0,12838218652807;0,388906673
1;3;0,601190060473877;0,621021912623066;2320,17536785714;0,142985978194593;0,123543190150297;0,378978087
1;3;0,601190060473877;0,630972617424875;2236,94072678571;0,14965240952816;0,120789847569284;0,369027383
1;3;0,601190060473877;0,640911549940968;2091,90299464286;0,153841801317806;0,114455531814073;0,35908845
1;3;0,601190060473877;0,650870315596284;1987,68196607143;0,167119827620381;0,0788215617331656;0,349129684
1;3;0,601190060473877;0,660809586523984;1844,72561785714;0,181837886640153;0,0714160729665552;0,339190412999999
1;3;0,601190060473877;0,670768479777119;1782,1046625;0,197410799843329;0,0701972962478389;0,32923152
1;3;0,601190060473877;0,680712937833538;1629,10051071429;0,212337796058353;0,0660639180243148;0,319287062
1;3;0,601190060473877;0,690751929230477;1533,26027678571;0,235359677292385;0,0618728376258707;0,309248070999999
1;3;0,601190060473877;0,700679438967925;1637,09176607143;0,248961678470712;0;0,299320561
1;3;0,601190060473877;0,710634620788853;1564,88601428571;0,259797465044391;0;0,289365379
1;3;0,601190060473877;0,720700257938991;1446,47021785714;0,279714895290575;0;0,279299741999999
1;3;0,601190060473877;0,730691777399614;1508,90791071429;0,314226521080713;0;0,269308223
1;3;0,601190060473877;0,740584630459935;1238,45525892857;0,332665180315678;0;0,25941537
1;3;0,601190060473877;0,750412397537218;901,973935714286;0,336705619119169;0;0,249587601999999
1;3;0,601190060473877;0,760417514487137;931,790051785714;0,332786502837305;0;0,239582485999999
1;3;0,601190060473877;0,770295383125349;703,793796428571;0,337089898235589;0;0,229704617