Process,Rev_num,Sw_rev,Sw,Pc,krw,kro,1-Sw
0,0,1,0.995022316,2037.561739,0.985263495,0,0.004977684
0,0,1,0.985058757,1941.196066,0.957020677,0,0.014941243
0,0,1,0.975046705,954.4967571,0.951861542,0,0.024953295
0,0,1,0.965049729,1006.135688,0.868515495,0,0.034950271
0,0,1,0.95505948,1082.32372,0.856206502,0,0.04494052
0,0,1,0.945075262,1885.366907,0.838634742,0,0.054924738
0,0,1,0.935097252,1700.454279,0.795926416,0,0.064902748
0,0,1,0.925121945,2141.082514,0.764286905,0,0.074878055
0,0,1,0.915157274,2357.805375,0.747194501,0,0.084842726
0,0,1,0.905186982,2102.931975,0.693593748,0,0.094813018
0,0,1,0.895214981,2030.953259,0.624824672,0,0.104785019
0,0,1,0.885248591,2116.671273,0.535037949,0,0.114751409
0,0,1,0.875274174,2083.123548,0.489797852,0,0.124725826
0,0,1,0.865302555,2282.455998,0.454339688,0,0.134697445
0,0,1,0.855330167,2195.245355,0.456913691,0,0.144669833
0,0,1,0.845352251,2440.354596,0.447452689,0,0.154647749
0,0,1,0.835376142,2598.51158,0.435836412,0,0.164623858
0,0,1,0.825386341,3237.108129,0.420109739,0,0.174613659
0,0,1,0.815431295,2378.959971,0.413532366,0,0.184568705
0,0,1,0.805446181,2552.774834,0.408921033,0,0.194553819
0,0,1,0.795469835,3208.14353,0.400833546,0,0.204530165
0,0,1,0.78549386,2996.265246,0.399406124,0.095000761,0.21450614
0,0,1,0.775520433,3274.331555,0.394468053,0.108480533,0.224479567
0,0,1,0.765552031,2808.059577,0.394191507,0.12214658,0.234447969
0,0,1,0.755573214,3277.196705,0.392432572,0.133017964,0.244426786
0,0,1,0.745624773,2073.784704,0.379270622,0.143239102,0.254375227
0,0,1,0.735641031,2370.548823,0.376345823,0.148420687,0.264358969
0,0,1,0.725648161,2532.455395,0.372806065,0.151596149,0.274351839
0,0,1,0.715677117,2565.178211,0.361820523,0.151902373,0.284322883
0,0,1,0.705695414,2736.059721,0.34901072,0.152587604,0.294304586
0,0,1,0.695734088,2552.507379,0.325671236,0.15533934,0.304265912
0,0,1,0.685761987,2550.499388,0.316571179,0.155353015,0.314238013
0,0,1,0.675787035,2859.247688,0.314530969,0.156530536,0.324212965
0,0,1,0.665827383,2186.34472,0.298370018,0.151012011,0.334172617
0,0,1,0.655851286,2471.186084,0.295923739,0.154068469,0.344148714
0,0,1,0.645863254,2530.9965,0.289245612,0.155252412,0.354136746
0,0,1,0.635877969,2866.141425,0.287806773,0.156731969,0.364122031
0,0,1,0.625886222,2974.774511,0.287290091,0.157247976,0.374113778
0,0,1,0.615917842,2723.779291,0.25236355,0.156381842,0.384082158
0,0,1,0.605937013,2844.684766,0.248207272,0.160252206,0.394062987
0,0,1,0.59597546,2365.918463,0.23220735,0.157354666,0.40402454
0,0,1,0.585998174,2646.053384,0.229785338,0.159313371,0.414001826
0,0,1,0.576015294,2969.176575,0.228007925,0.160790354,0.423984706
0,0,1,0.566029594,3072.587159,0.207773342,0.16134842,0.433970406
0,0,1,0.556063044,2866.264827,0.196343985,0.237373528,0.443936956
0,0,1,0.546088395,3102.148152,0.189417585,0.251253314,0.453911605
0,0,1,0.536109215,2861.768598,0.183788439,0.271094403,0.463890785
0,0,1,0.526134756,3078.293121,0.181823525,0.280223038,0.473865244
0,0,1,0.516166049,3487.719573,0.180172532,0.293832887,0.483833951
0,0,1,0.506155459,3244.361202,0.171397556,0.321974936,0.493844541
0,0,1,0.49617836,3605.827827,0.169886975,0.323510058,0.50382164
0,0,1,0.486190112,3641.039523,0.168841147,0.34321088,0.513809888
0,0,1,0.476207709,3027.250757,0.144300663,0.40831048,0.523792291
0,0,1,0.466221712,3122.58052,0.140614443,0.42074792,0.533778288
0,0,1,0.456256037,3001.930816,0.099688423,0.419949064,0.543743963
0,0,1,0.446279613,3297.413046,0.096050034,0.42392667,0.553720387
0,0,1,0.436303915,3678.361693,0.0952526,0.425766449,0.563696085
0,0,1,0.426312646,3298.937636,0.078446917,0.444873106,0.573687354
0,0,1,0.416325198,3474.849986,0.049640062,0.45409119,0.583674802
0,0,1,0.406368145,3231.917116,0.041071691,0.453074711,0.593631855
0,0,1,0.396397632,3622.673363,0.040398576,0.458975418,0.603602368
0,0,1,0.386407374,3568.160363,0.04024089,0.460813734,0.613592626
0,0,1,0.376432924,4053.692143,0.040069764,0.495291749,0.623567076
0,0,1,0.366439779,3396.224148,0.04004283,0.504285713,0.633560221
0,0,1,0.356464312,3831.739334,0.039816218,0.509102446,0.643535688
0,0,1,0.346459997,3901.9482,0.039780801,0.529562595,0.653540003
0,0,1,0.336475238,3940.179868,0.039684383,0.580789952,0.663524762
0,0,1,0.326535148,3355.002723,0.038719394,0.594860148,0.673464852
0,0,1,0.316569027,3804.659818,0.038618419,0.596347137,0.683430973
0,0,1,0.306562988,3757.651816,0.038449971,0.59717671,0.693437012
0,0,1,0.296578066,3682.613111,0.038444364,0.598284373,0.703421934
0,0,1,0.286610189,4133.767457,0.03836327,0.599550573,0.713389811
0,0,1,0.276627826,3870.321873,0.035216123,0.6123785,0.723372174
0,0,1,0.266639127,3999.406843,0.028621038,0.614341515,0.733360873
0,0,1,0.25666274,4192.292207,0.006023296,0.614948546,0.74333726
0,0,1,0.246695408,3741.594632,0.00500355,0.630969375,0.753304592
0,0,1,0.236720964,4183.286496,0,0.640851258,0.763279036
0,0,1,0.22676169,3513.500898,0.002582306,0.638914923,0.77323831
0,0,1,0.216779044,3500.66858,0.001414638,0.63897211,0.783220956
0,0,1,0.206816995,4013.483529,0.00129703,0.640538576,0.793183005
0,0,1,0.196822701,4340.608243,0,0.641393655,0.803177299
0,0,1,0.186822044,4554.265554,0,0.647513576,0.813177956
0,0,1,0.176822159,3952.93005,0,0.665512007,0.823177841
0,0,1,0.166845969,4598.909689,0,0.667619053,0.833154031
0,0,1,0.156836467,4475.100048,0,0.704676538,0.843163533
0,0,1,0.146840871,4823.354379,0,0.744979561,0.853159129
0,0,1,0.136829044,4223.478493,0,0.804768599,0.863170956
0,0,1,0.126858989,4899.793559,0,0.806643486,0.873141011
0,0,1,0.116839182,4675.279446,0,0.829145436,0.883160818
0,0,1,0.106850911,5292.857963,0,0.858913937,0.893149089
0,0,1,0.096833084,4868.263446,0,0.88012661,0.903166916
0,0,1,0.086844308,5792.561679,0,0.895340027,0.913155692
0,0,1,0.076803347,4629.55913,0,0.935642632,0.923196653
0,0,1,0.066831731,5788.404054,0,0.949706942,0.933168269
0,0,1,0.056770977,5644.368964,0,0.955124337,0.943229023
0,0,1,0.046768919,6245.834732,0,0.964666585,0.953231081
0,0,1,0.036763858,6802.30425,0,0.983162866,0.963236142
1,1,0.061788966,0.061788966,4838.500023,0,0.958182279,0.938211034
1,1,0.061788966,0.071806356,4149.074389,0,0.954792388,0.928193644
1,1,0.061788966,0.081833923,3687.677914,0,0.947704927,0.918166077
1,1,0.061788966,0.091880574,3406.567018,0,0.935099704,0.908119426
1,1,0.061788966,0.101899982,3187.767348,0,0.90891456,0.898100018
1,1,0.061788966,0.111900359,2947.785471,0,0.897014966,0.888099641
1,1,0.061788966,0.12194379,2839.910855,0,0.880223343,0.87805621
1,1,0.061788966,0.131913171,2741.17372,0,0.867976378,0.868086829
1,1,0.061788966,0.141905603,2619.403913,0,0.852627889,0.858094397
1,1,0.061788966,0.151965291,2546.386982,0,0.816638039,0.848034709
1,1,0.061788966,0.161958045,2465.622188,0,0.802798395,0.838041955
1,1,0.061788966,0.171899568,2480.041596,0,0.779827863,0.828100432
1,1,0.061788966,0.18189447,2402.839805,0,0.766889067,0.81810553
1,1,0.061788966,0.191882468,2400.613516,0.000235675,0.727738785,0.808117532
1,1,0.061788966,0.201867676,2342.542104,0.000377784,0.706703592,0.798132324
1,1,0.061788966,0.211852548,2336.429073,0.00069479,0.698902091,0.788147452
1,1,0.061788966,0.22178513,2214.917743,0.001024439,0.68562649,0.77821487
1,1,0.061788966,0.231810138,2204.966196,0.001190016,0.663094369,0.768189862
1,1,0.061788966,0.241798369,2144.328804,0.001955792,0.650620761,0.758201631
1,1,0.061788966,0.251785289,2144.665414,0.002861401,0.632106854,0.748214711
1,1,0.061788966,0.261754632,2109.706854,0.004920847,0.604399421,0.738245368
1,1,0.061788966,0.271736725,2114.466407,0.006512423,0.585687754,0.728263275
1,1,0.061788966,0.281709897,2041.05293,0.007901974,0.57741899,0.718290103
1,1,0.061788966,0.291694467,2032.868314,0.009911559,0.569194147,0.708305533
1,1,0.061788966,0.30168385,2053.091271,0.011627858,0.543972652,0.69831615
1,1,0.061788966,0.311650299,1957.14517,0.012992807,0.533177906,0.688349701
1,1,0.061788966,0.321656695,1956.838168,0.014288907,0.473962288,0.678343305
1,1,0.061788966,0.331638852,1932.18323,0.016842765,0.455068798,0.668361148
1,1,0.061788966,0.341618952,1925.920698,0.019792443,0.438557484,0.658381048
1,1,0.061788966,0.351599135,1931.325986,0.021592016,0.405061323,0.648400865
1,1,0.061788966,0.361570002,1873.931132,0.025607183,0.394237727,0.638429998
1,1,0.061788966,0.371565463,1857.321391,0.030070956,0.362705595,0.628434537
1,1,0.061788966,0.381540394,1872.232575,0.031570212,0.345954757,0.618459606
1,1,0.061788966,0.391524971,1797.783332,0.036058065,0.333452185,0.608475029
1,1,0.061788966,0.401499969,1822.86998,0.041582675,0.305655545,0.598500031
1,1,0.061788966,0.41146171,1746.11467,0.048408643,0.299389536,0.58853829
1,1,0.061788966,0.421452842,1763.155677,0.054944331,0.270259201,0.578547158
1,1,0.061788966,0.431424329,1785.723686,0.059238405,0.248625774,0.568575671
1,1,0.061788966,0.441395132,1698.815309,0.066242076,0.243266596,0.558604868
1,1,0.061788966,0.451379892,1762.368027,0.067074079,0.193110026,0.548620108
1,1,0.061788966,0.4613432,1698.152159,0.073682426,0.189989686,0.5386568
1,1,0.061788966,0.471318464,1731.291188,0.083808556,0.182787962,0.528681536
1,1,0.061788966,0.481288703,1655.765636,0.093823971,0.179412868,0.518711297
1,1,0.061788966,0.491273749,1636.835373,0.104501051,0.174659981,0.508726251
1,1,0.061788966,0.501259279,1645.296032,0.108830794,0.169814976,0.498740721
1,1,0.061788966,0.511226147,1582.432859,0.115099263,0.166830191,0.488773853
1,1,0.061788966,0.521225683,1655.963604,0.116246712,0.140183627,0.478774317
1,1,0.061788966,0.541141934,1538.30392,0.128897709,0.13567523,0.458858066
1,1,0.061788966,0.551123977,1535.422784,0.136116576,0.130475909,0.448876023
1,1,0.061788966,0.561091861,1504.906821,0.142887235,0.125701361,0.438908139
1,1,0.061788966,0.571071846,1517.541246,0.151704918,0.115514434,0.428928154
1,1,0.061788966,0.581036903,1468.826625,0.163600799,0.053636085,0.418963097
1,1,0.061788966,0.591031512,1558.95398,0.167433362,0.054575031,0.408968488
1,1,0.061788966,0.600973988,1441.625561,0.176744447,0.051860237,0.399026012
1,1,0.061788966,0.610942365,1405.057827,0.187484964,0.04668934,0.389057635
1,1,0.061788966,0.620914659,1401.688061,0.200304496,0.037805515,0.379085341
1,1,0.061788966,0.630885233,1348.35052,0.210862145,0.03229798,0.369114767
1,1,0.061788966,0.640891717,1539.021836,0.247932769,0,0.359108283
1,1,0.061788966,0.650804927,1371.151575,0.259418638,0,0.349195073
1,1,0.061788966,0.660798768,1443.700666,0.281007855,0,0.339201232
1,1,0.061788966,0.670752382,1372.089745,0.290861386,0,0.329247618
1,1,0.061788966,0.680689341,1273.891891,0.303877231,0,0.319310659
1,1,0.061788966,0.690649263,1222.594114,0.297178873,0,0.309350737
1,1,0.061788966,0.700651918,1285.849848,0.293788002,0,0.299348082
1,1,0.061788966,0.710543743,1083.229564,0.298610058,0,0.289456257
1,1,0.061788966,0.720520392,1114.954409,0.299812299,0,0.279479608
1,1,0.061788966,0.730416611,960.7963125,0.291197065,0,0.269583389
1,1,0.061788966,0.740365726,864.6657107,0.280122477,0,0.259634274
1,1,0.061788966,0.750267179,707.1188571,0.268746464,0,0.249732821
1,1,0.061788966,0.760279478,755.3495571,0.27005303,0,0.239720522
0,2,0.20181379,0.20181379,2294.734302,0.000396548,0.707400264,0.79818621
0,2,0.20181379,0.191833054,2455.637336,0,0.714786094,0.808166946
0,2,0.20181379,0.181855508,2612.889654,0,0.721176192,0.818144492
0,2,0.20181379,0.171879208,2786.416864,0,0.725969235,0.828120792
0,2,0.20181379,0.161897993,2995.322893,0,0.729527086,0.838102007
0,2,0.20181379,0.151907705,3192.79237,0,0.732330096,0.848092295
0,2,0.20181379,0.141931126,3495.199371,0,0.734463179,0.858068874
0,2,0.20181379,0.131945466,3757.676968,0,0.736119688,0.868054534
0,2,0.20181379,0.121953287,3955.142727,0,0.749190163,0.878046713
0,2,0.20181379,0.111960804,4153.728477,0,0.752310938,0.888039196
0,2,0.20181379,0.101961207,4562.724461,0,0.767650421,0.898038793
0,2,0.20181379,0.09192193,4742.60242,0,0.815856857,0.90807807
0,2,0.20181379,0.081902375,4988.234523,0,0.856302302,0.918097625
0,2,0.20181379,0.071876496,5322.106082,0,0.895425551,0.928123504
0,2,0.401451936,0.401451936,1801.253084,0.042634347,0.306431871,0.598548064
0,2,0.401451936,0.39146789,1917.620646,0.036466284,0.31255319,0.60853211
0,2,0.401451936,0.381492328,2030.034579,0.031324713,0.317359373,0.618507672
0,2,0.401451936,0.371521141,2146.792457,0.025755097,0.320660732,0.628478859
0,2,0.401451936,0.361552903,2246.944746,0.02147568,0.322878132,0.638447097
0,2,0.401451936,0.351583655,2349.92213,0.019157854,0.324729925,0.648416345
0,2,0.401451936,0.34162102,2471.070846,0.01787194,0.326547946,0.65837898
0,2,0.401451936,0.331661247,2598.671909,0.016841081,0.328669176,0.668338753
0,2,0.401451936,0.321688482,2672.643814,0.014219286,0.330614389,0.678311518
0,2,0.401451936,0.311727133,2788.234077,0.01203495,0.33159071,0.688272867
0,2,0.401451936,0.301769411,2912.641554,0.010912825,0.332429901,0.698230589
0,2,0.401451936,0.291780045,2845.969602,0.007898288,0.333228066,0.708219955
0,2,0.401451936,0.281836059,3035.086184,0.006303365,0.343756317,0.718163941
0,2,0.401451936,0.271877689,3176.97105,0.004758511,0.357497154,0.728122311
0,2,0.401451936,0.261881035,3136.553839,0.004122629,0.36360371,0.738118965
0,2,0.401451936,0.251913542,3303.740507,0.003677752,0.375152781,0.748086458
0,2,0.401451936,0.241938304,3400.692402,0.002305332,0.428324917,0.758061696
0,2,0.401451936,0.231942342,3468.475489,0,0.460612581,0.768057658
0,2,0.401451936,0.221982401,3696.212823,0,0.480694723,0.778017599
0,2,0.401451936,0.211960936,3597.299571,0,0.492157224,0.788039064
0,2,0.401451936,0.201986214,3741.163913,0,0.513532004,0.798013786
0,2,0.401451936,0.191992774,3855.693621,0,0.523964487,0.808007226
0,2,0.401451936,0.182004768,3941.13165,0,0.547531547,0.817995232
0,2,0.401451936,0.171997101,4076.135839,0,0.582780291,0.828002899
0,2,0.401451936,0.161983645,4248.769425,0,0.625456003,0.838016355
0,2,0.401451936,0.151943424,4603.139245,0,0.63243713,0.848056576
0,2,0.401451936,0.141983235,4489.64873,0,0.649303244,0.858016765
0,2,0.401451936,0.131984088,4252.799057,0,0.689368093,0.868015912
0,2,0.401451936,0.122022891,4942.109893,0,0.700511592,0.877977109
0,2,0.401451936,0.111951116,4400.069127,0,0.804164672,0.888048884
0,2,0.401451936,0.10197267,5079.499591,0,0.80652398,0.89802733
0,2,0.401451936,0.09193337,5204.293018,0,0.836443796,0.90806663
0,2,0.401451936,0.081911959,5436.762804,0,0.872029361,0.918088041
0,2,0.401451936,0.071830498,4922.326045,0,0.890634823,0.928169502
0,2,0.600923636,0.600923636,1441.160888,0.177339368,0.052131437,0.399076364
0,2,0.600923636,0.591005234,1576.378918,0.168182268,0.054716726,0.408994766
0,2,0.600923636,0.581075874,1743.463088,0.15961232,0.056186187,0.418924126
0,2,0.600923636,0.571139639,1855.473129,0.151262564,0.057344706,0.428860361
0,2,0.600923636,0.561183671,1967.747786,0.143367681,0.058268824,0.438816329
0,2,0.600923636,0.551262694,2132.35582,0.134465189,0.059319484,0.448737306
0,2,0.600923636,0.54132503,2261.337932,0.12812583,0.059820255,0.45867497
0,2,0.600923636,0.531371436,2329.727443,0.120318163,0.060091736,0.468628564
0,2,0.600923636,0.521454705,2494.06868,0.118574028,0.06071776,0.478545295
0,2,0.600923636,0.511475622,2504.974018,0.117696329,0.064501096,0.488524378
0,2,0.600923636,0.501486527,2445.36458,0.109303334,0.064454867,0.498513473
0,2,0.600923636,0.491531764,2806.202245,0.107687864,0.067447804,0.508468236
0,2,0.600923636,0.481604294,2523.069595,0.103330212,0.069934031,0.518395706
0,2,0.600923636,0.471740514,2803.021741,0.101930241,0.070696335,0.528259486
0,2,0.600923636,0.461700742,2696.744732,0.097038807,0.072607366,0.538299258
0,2,0.600923636,0.451791966,2872.270414,0.093242882,0.073004419,0.548208034
0,2,0.600923636,0.441841967,2949.501788,0.087620251,0.077776305,0.558158033
0,2,0.600923636,0.431938953,3145.187523,0.082544661,0.078420525,0.568061047
0,2,0.600923636,0.421947468,3138.544645,0.072718782,0.10173107,0.578052532
0,2,0.600923636,0.411789253,2827.018066,0.064653327,0.109293408,0.588210747
0,2,0.600923636,0.401878104,3019.107654,0.059241922,0.180290606,0.598121896
0,2,0.600923636,0.391982071,3239.575768,0.057628614,0.195696058,0.608017929
0,2,0.600923636,0.381963393,3183.76897,0.052318715,0.214743195,0.618036607
0,2,0.600923636,0.372054416,3370.973989,0.051952383,0.223167825,0.627945584
0,2,0.600923636,0.361810168,2797.076652,0.029929364,0.266146329,0.638189832
0,2,0.600923636,0.351941092,3126.310318,0.026040303,0.277503622,0.648058908
0,2,0.600923636,0.341974444,3269.223413,0.023285219,0.284311658,0.658025556
0,2,0.600923636,0.332108325,3568.474795,0.022651569,0.288425125,0.667891675
0,2,0.600923636,0.322039602,3349.584916,0.017189163,0.299443201,0.677960398
0,2,0.600923636,0.312169967,3593.349793,0.016084705,0.322866039,0.687830033
0,2,0.600923636,0.302150093,3519.524732,0.013631146,0.37314554,0.697849907
0,2,0.600923636,0.292241849,3859.802271,0.012463432,0.380217964,0.707758151
0,2,0.600923636,0.282132228,3548.306175,0.012176371,0.48396752,0.717867772
0,2,0.600923636,0.272248494,4047.886093,0.011916119,0.509033743,0.727751506
0,2,0.600923636,0.262082706,3655.387211,0.010368705,0.587993863,0.737917294
0,2,0.600923636,0.252201863,4190.318743,0.010083265,0.595113359,0.747798137
0,2,0.600923636,0.242127148,3866.648641,0.009312457,0.600358484,0.757872852
0,2,0.600923636,0.232190006,4649.326082,0.008703737,0.601460228,0.767809994
0,2,0.600923636,0.222028908,3242.523895,0.00558568,0.635347053,0.777971092
0,2,0.600923636,0.212015449,3263.684984,0.004448858,0.643213879,0.787984551
0,2,0.600923636,0.202134079,3937.233557,0.004462437,0.644873074,0.797865921
0,2,0.600923636,0.192229942,4605.070939,0.004457702,0.648409841,0.807770058
0,2,0.600923636,0.182147622,4111.290198,0.004374254,0.682588859,0.817852378
0,2,0.600923636,0.172196052,4531.571196,0.004422494,0.714031463,0.827803948
0,2,0.600923636,0.162185945,4493.926757,0.004429642,0.756094531,0.837814055
0,2,0.600923636,0.152212507,4892.338564,0.004461829,0.781614797,0.847787493
0,2,0.600923636,0.142060619,4405.67535,0.00390301,0.800678612,0.857939381
0,2,0.600923636,0.132109297,4964.566179,0.003944408,0.823972745,0.867890703
0,2,0.600923636,0.122013425,4311.113298,0,0.849983094,0.877986575
0,2,0.600923636,0.112081364,5203.952518,0,0.860083242,0.887918636
0,2,0.600923636,0.102019849,5090.485473,0,0.882997406,0.897980151
0,2,0.600923636,0.091990655,5251.900125,0,0.891845523,0.908009345
0,2,0.600923636,0.081918313,5498.013214,0,0.917653545,0.918081687
0,2,0.600923636,0.07186161,5530.907411,0,0.938487889,0.92813839
0,2,0.750881254,0.750881254,2332.195527,0.265772808,0,0.249118746
0,2,0.750881254,0.740884258,2318.848838,0.264075258,0,0.259115742
0,2,0.750881254,0.730910615,2393.482141,0.258914307,0,0.269089385
0,2,0.750881254,0.721005166,2522.644195,0.24589346,0,0.278994834
0,2,0.750881254,0.710663461,1718.914302,0.242433501,0,0.289336539
0,2,0.750881254,0.700812908,2087.033893,0.235928063,0,0.299187092
0,2,0.750881254,0.690961595,2489.251629,0.228602138,0,0.309038405
0,2,0.750881254,0.68104841,2687.202332,0.222325676,0,0.31895159
0,2,0.750881254,0.671098784,2776.419905,0.202697577,0,0.328901216
0,2,0.750881254,0.661265453,3182.400118,0.191346121,0,0.338734547
0,2,0.750881254,0.651240595,3105.616382,0.189614782,0,0.348759405
0,2,0.750881254,0.641336709,3373.5705,0.184966042,0.097860184,0.358663291
0,2,0.750881254,0.631063609,2632.974214,0.181394136,0.133106417,0.368936391
0,2,0.750881254,0.621053823,2540.98343,0.151487963,0.128990891,0.378946177
0,2,0.750881254,0.611213571,2993.820134,0.146030551,0.133400877,0.388786429
0,2,0.750881254,0.601206069,2914.591248,0.133369645,0.13354394,0.398793931
0,2,0.750881254,0.591354429,3346.481459,0.130000072,0.14601962,0.408645571
0,2,0.750881254,0.581308523,3196.627243,0.105544893,0.146423928,0.418691477
0,2,0.750881254,0.571468172,3573.764448,0.100349161,0.148312067,0.428531828
0,2,0.750881254,0.561516013,3750.421216,0.099014375,0.162451307,0.438483987
0,2,0.750881254,0.551338108,3114.167796,0.053858533,0.163475118,0.448661892
0,2,0.750881254,0.541361191,3055.668177,0.047426989,0.168649659,0.458638809
0,2,0.750881254,0.531360255,2933.886804,0.046766079,0.172263169,0.468639745
0,2,0.750881254,0.52150581,3450.446282,0.045925137,0.174442536,0.47849419
0,2,0.750881254,0.511342606,2994.226479,0.0458881,0.28590585,0.488657394
0,2,0.750881254,0.50139134,3188.431039,0.041690661,0.317870877,0.49860866
0,2,0.750881254,0.491272887,2633.770827,0.046851426,0.317592851,0.508727113
0,2,0.750881254,0.481315278,2837.830511,0.044109744,0.321492154,0.518684722
0,2,0.750881254,0.471391875,3083.445439,0.04204427,0.324108019,0.528608125
0,2,0.750881254,0.461469161,3387.314657,0.04061983,0.326334602,0.538530839
0,2,0.750881254,0.451524017,3552.020411,0.038560244,0.328862755,0.548475983
0,2,0.750881254,0.44152442,3527.89253,0.03751911,0.333804187,0.55847558
0,2,0.750881254,0.431527561,3720.471482,0.024916795,0.372619626,0.568472439
0,2,0.750881254,0.42161826,3833.055032,0.020093988,0.380671347,0.57838174
0,2,0.750881254,0.411609812,3850.921564,0.019975785,0.407499787,0.588390188
0,2,0.750881254,0.401720856,4161.232425,0.018225813,0.412614149,0.598279144
0,2,0.750881254,0.391626698,3900.307704,0.017581439,0.421784276,0.608373302
0,2,0.750881254,0.381559481,3424.031952,0.017799963,0.436216011,0.618440519
0,2,0.750881254,0.371693254,3956.038859,0.017697302,0.43800108,0.628306746
0,2,0.750881254,0.361728683,4262.447823,0.016316768,0.454750342,0.638271317
0,2,0.750881254,0.351686779,3860.160595,0.016409924,0.482262331,0.648313221
0,2,0.750881254,0.341783587,4287.158277,0.016215948,0.487748781,0.658216413
0,2,0.750881254,0.331669111,3810.104346,0.016403307,0.536237939,0.668330889
0,2,0.750881254,0.321670065,3634.147275,0.016510139,0.578386033,0.678329935
0,2,0.750881254,0.3117641,4115.168534,0.01635842,0.57981979,0.6882359
0,2,0.750881254,0.301754617,4022.383077,0.016326411,0.592467743,0.698245383
0,2,0.750881254,0.291764131,4025.164495,0.016237622,0.595021354,0.708235869
0,2,0.750881254,0.281901785,4586.958086,0.015008766,0.596894986,0.718098215
0,2,0.750881254,0.27184722,4352.026564,0.013373987,0.610198441,0.72815278
0,2,0.750881254,0.261979287,4919.766139,0.012706332,0.612550706,0.738020713
0,2,0.750881254,0.251877952,3977.2818,0.008015213,0.633830296,0.748122048
0,2,0.750881254,0.241855919,4209.478543,0.007591058,0.642556271,0.758144081
0,2,0.750881254,0.23187596,4214.607734,0.006286249,0.65066698,0.76812404
0,2,0.750881254,0.22202791,4966.72883,0.005913701,0.652249416,0.77797209
0,2,0.750881254,0.211971784,4755.635186,0.005671502,0.702341739,0.788028216
0,2,0.750881254,0.201996668,4955.227923,0.00531643,0.721882786,0.798003332
0,2,0.750881254,0.191862215,4826.1789,0.004930392,0.733023021,0.808137785
0,2,0.750881254,0.181864032,4833.93802,0.004334013,0.733634796,0.818135968
0,2,0.750881254,0.171990016,5376.281143,0.00411988,0.735142048,0.828009984
0,2,0.750881254,0.161772649,4553.973713,0,0.770048824,0.838227351
0,2,0.750881254,0.151773648,4822.565582,0,0.774184082,0.848226352
0,2,0.750881254,0.141753309,4150.646132,0,0.774932844,0.858246691
0,2,0.750881254,0.131827309,4750.367036,0,0.777508776,0.868172691
0,2,0.750881254,0.121727729,4074.064248,0,0.800515476,0.878272271
0,2,0.750881254,0.111813938,4781.533238,0,0.826011957,0.888186062
0,2,0.750881254,0.101840403,5122.318864,0,0.840040549,0.898159597
0,2,0.750881254,0.091845278,5398.744286,0,0.848903381,0.908154722
0,2,0.750881254,0.081863291,5843.466161,0,0.870092865,0.918136709
0,2,0.750881254,0.071750292,5344.230643,0,0.88582039,0.928249708
1,3,0.20195271,0.20195271,4781.750518,0.005416249,0.721910511,0.79804729
1,3,0.20195271,0.211862543,4144.425911,0.005747995,0.720021714,0.788137457
1,3,0.20195271,0.221798007,3674.308907,0.005992584,0.716702054,0.778201993
1,3,0.20195271,0.231743191,3372.417182,0.006112939,0.711846451,0.768256809
1,3,0.20195271,0.241707618,3068.498593,0.006182153,0.705425798,0.758292382
1,3,0.20195271,0.251664743,2792.447314,0.006301837,0.698256351,0.748335257
1,3,0.20195271,0.261669598,2745.059309,0.006810122,0.688359768,0.738330402
1,3,0.20195271,0.271644033,2639.390207,0.007081995,0.665558998,0.728355967
1,3,0.20195271,0.28163707,2545.862545,0.00818856,0.642036822,0.71836293
1,3,0.20195271,0.291613016,2470.222152,0.009819134,0.630513595,0.708386984
1,3,0.20195271,0.301581427,2389.552688,0.010316286,0.615505835,0.698418573
1,3,0.20195271,0.311537062,2426.338902,0.010906558,0.601681356,0.688462938
1,3,0.20195271,0.32150682,2344.83773,0.01170567,0.586598879,0.67849318
1,3,0.20195271,0.331494514,2309.494618,0.013384835,0.575486241,0.668505486
1,3,0.20195271,0.341479694,2266.137027,0.01479018,0.559263149,0.658520306
1,3,0.20195271,0.351456315,2222.654266,0.022311884,0.538694865,0.648543685
1,3,0.20195271,0.361441392,2184.539164,0.030106272,0.515246216,0.638558608
1,3,0.20195271,0.371426836,2125.103866,0.0327708,0.497774502,0.628573164
1,3,0.20195271,0.381417349,2119.277529,0.03481706,0.452096042,0.618582651
1,3,0.20195271,0.391394779,2073.584904,0.03701447,0.43179808,0.608605221
1,3,0.20195271,0.401372341,2061.477568,0.039917234,0.410827569,0.598627659
1,3,0.20195271,0.411335167,1969.694695,0.043795476,0.395010676,0.588664833
1,3,0.20195271,0.421331286,1994.507732,0.04874915,0.357126995,0.578668714
1,3,0.20195271,0.431304715,1955.369095,0.052169114,0.340726165,0.568695285
1,3,0.20195271,0.441280461,2001.717525,0.059037113,0.330190098,0.558719539
1,3,0.20195271,0.451237106,1896.889934,0.063470098,0.321264064,0.548762894
1,3,0.20195271,0.461242499,1891.338718,0.068864075,0.288026678,0.538757501
1,3,0.20195271,0.471239344,1906.558752,0.075980891,0.238508273,0.528760656
1,3,0.20195271,0.480737535,2282.352043,0.08530127,0.231817571,0.519262465
1,3,0.20195271,0.490762162,2186.942534,0.091489712,0.197982338,0.509237838
1,3,0.20195271,0.500732752,2052.884738,0.098731733,0.182782044,0.499267248
1,3,0.20195271,0.510722255,2045.907568,0.108072706,0.176885277,0.489277745
1,3,0.20195271,0.520704895,2103.246402,0.117174726,0.1745045,0.479295105
1,3,0.20195271,0.530636162,2023.287696,0.124998763,0.167141361,0.469363838
1,3,0.20195271,0.5406118,2074.101429,0.135604892,0.160481665,0.4593882
1,3,0.20195271,0.550907317,2344.475663,0.141441832,0.144992053,0.449092683
1,3,0.20195271,0.560575901,2019.659084,0.147320523,0.141193793,0.439424099
1,3,0.20195271,0.570823334,2164.317161,0.156940085,0.128621871,0.429176666
1,3,0.20195271,0.58089824,1587.685988,0.164657836,0.127677361,0.41910176
1,3,0.20195271,0.590952243,1302.408418,0.178213135,0.123983899,0.409047757
1,3,0.20195271,0.600865273,1552.666586,0.185785934,0.117259169,0.399134727
1,3,0.20195271,0.610842973,1537.753886,0.191421996,0.10060857,0.389157027
1,3,0.20195271,0.620822423,1557.03615,0.197089932,0.049229815,0.379177577
1,3,0.20195271,0.630787058,1466.590677,0.206037388,0.045960722,0.369212942
1,3,0.20195271,0.640781723,1496.932929,0.216023547,0.04007251,0.359218277
1,3,0.20195271,0.650756535,1527.680304,0.234564696,0,0.349243465
1,3,0.20195271,0.660718737,1526.797596,0.271929975,0,0.339281263
1,3,0.20195271,0.670749326,1365.405461,0.282221563,0,0.329250674
1,3,0.20195271,0.680772732,1397.423293,0.301375147,0,0.319227268
1,3,0.20195271,0.69071617,1320.072359,0.327043786,0,0.30928383
1,3,0.20195271,0.700641665,1204.517239,0.330564085,0,0.299358335
1,3,0.20195271,0.710624642,1206.382168,0.337147214,0,0.289375358
1,3,0.20195271,0.72059095,1170.030852,0.351314465,0,0.27940905
1,3,0.20195271,0.730520633,1053.408557,0.362806124,0,0.269479367
1,3,0.20195271,0.740506649,1064.158007,0.369524503,0,0.259493351
1,3,0.20195271,0.750362636,828.4661625,0.378151943,0,0.249637364
1,3,0.20195271,0.760310768,735.2045893,0.38681917,0,0.239689232
1,3,0.20195271,0.77033454,816.9657161,0.39329082,0,0.22966546
1,3,0.401558454,0.401558454,3324.470571,0.018993716,0.410833535,0.598441546
1,3,0.401558454,0.411506263,2982.68115,0.021068064,0.408010117,0.588493737
1,3,0.401558454,0.42145286,2788.799063,0.025584506,0.40239218,0.57854714
1,3,0.401558454,0.431392577,2599.02705,0.034811204,0.395565762,0.568607423
1,3,0.401558454,0.441351977,2486.685011,0.040197905,0.384564781,0.558648023
1,3,0.401558454,0.451302161,2303.449029,0.043288615,0.377247701,0.548697839
1,3,0.401558454,0.461287162,2264.05733,0.047474156,0.368319303,0.538712838
1,3,0.401558454,0.471255362,2170.013641,0.052943275,0.359530142,0.528744638
1,3,0.401558454,0.481227697,2079.831096,0.056761597,0.343720213,0.518772303
1,3,0.401558454,0.491191481,2000.256375,0.059098494,0.326726906,0.508808519
1,3,0.401558454,0.501188471,2036.791682,0.062969219,0.2961563,0.498811529
1,3,0.401558454,0.511138397,1931.055038,0.068571031,0.288281915,0.488861603
1,3,0.401558454,0.521119738,1881.948477,0.075019937,0.269690284,0.478880262
1,3,0.401558454,0.531102752,1915.48335,0.083717136,0.229254585,0.468897248
1,3,0.401558454,0.541028007,1889.251693,0.089436895,0.197705454,0.458971993
1,3,0.401558454,0.550127873,2282.130279,0.099532849,0.168207629,0.449872127
1,3,0.401558454,0.560123242,2193.130704,0.109127251,0.158216044,0.439876758
1,3,0.401558454,0.57010588,2174.161371,0.120425578,0.156496603,0.42989412
1,3,0.401558454,0.579912319,2328.818721,0.129924911,0.151879577,0.420087681
1,3,0.401558454,0.590115183,1934.647436,0.140723577,0.133114204,0.409884817
1,3,0.401558454,0.600105332,1890.272609,0.151343965,0.132042074,0.399894668
1,3,0.401558454,0.610085671,1873.916432,0.165605242,0.130154015,0.389914329
1,3,0.401558454,0.620098852,1716.061484,0.172977515,0.125024528,0.379901148
1,3,0.401558454,0.630757818,1587.835071,0.184904095,0.107865517,0.369242182
1,3,0.401558454,0.640861769,1380.51338,0.192407323,0.052885301,0.359138231
1,3,0.401558454,0.650834382,1356.088714,0.205016776,0.046896585,0.349165618
1,3,0.401558454,0.660816583,1360.15372,0.214666918,0.04470636,0.339183417
1,3,0.401558454,0.670801102,1386.343125,0.226855618,0.033821856,0.329198898
1,3,0.401558454,0.680774667,1383.871473,0.24070496,0,0.319225333
1,3,0.401558454,0.690536177,1740.264498,0.274122175,0,0.309463823
1,3,0.401558454,0.700508791,1612.052427,0.285257038,0,0.299491209
1,3,0.401558454,0.71047625,1369.387484,0.294940984,0,0.28952375
1,3,0.401558454,0.72044586,1446.312386,0.302137706,0,0.27955414
1,3,0.401558454,0.730407191,1378.955202,0.317773709,0,0.269592809
1,3,0.401558454,0.740335501,1230.325013,0.32112243,0,0.259664499
1,3,0.401558454,0.750207857,922.1030196,0.328880268,0,0.249792143
1,3,0.401558454,0.760366327,858.7339929,0.335388472,0,0.239633673
1,3,0.60119006,0.60119006,2853.18127,0.133479741,0.133585773,0.39880994
1,3,0.60119006,0.611093327,2534.369984,0.138625239,0.128382187,0.388906673
1,3,0.60119006,0.621021913,2320.175368,0.142985978,0.12354319,0.378978087
1,3,0.60119006,0.630972617,2236.940727,0.14965241,0.120789848,0.369027383
1,3,0.60119006,0.64091155,2091.902995,0.153841801,0.114455532,0.35908845
1,3,0.60119006,0.650870316,1987.681966,0.167119828,0.078821562,0.349129684
1,3,0.60119006,0.660809587,1844.725618,0.181837887,0.071416073,0.339190413
1,3,0.60119006,0.67076848,1782.104663,0.1974108,0.070197296,0.32923152
1,3,0.60119006,0.680712938,1629.100511,0.212337796,0.066063918,0.319287062
1,3,0.60119006,0.690751929,1533.260277,0.235359677,0.061872838,0.309248071
1,3,0.60119006,0.700679439,1637.091766,0.248961678,0,0.299320561
1,3,0.60119006,0.710634621,1564.886014,0.259797465,0,0.289365379
1,3,0.60119006,0.720700258,1446.470218,0.279714895,0,0.279299742
1,3,0.60119006,0.730691777,1508.907911,0.314226521,0,0.269308223
1,3,0.60119006,0.74058463,1238.455259,0.33266518,0,0.25941537
1,3,0.60119006,0.750412398,901.9739357,0.336705619,0,0.249587602
1,3,0.60119006,0.760417514,931.7900518,0.332786503,0,0.239582486
1,3,0.60119006,0.770295383,703.7937964,0.337089898,0,0.229704617
