1,0.374398,0,0,0
1,0.374398,0,0,0
1,0.374398,0,0,0
1,0.374398,0,0,0
1,0.374398,0,0,0
1,0.374398,0,0,0
1,0.374398,0,0,0
1,0.374398,0,0,0
1,0.374398,0,0,0
1,0.374398,0,0,0
0.983673,0.374398,0,0.0163265,0
0.985488,0.374398,0,0.0163265,0
0.987302,0.374398,0,0.0163265,0
0.989116,0.374398,0,0.0163265,0
0.99093,0.374398,0,0.0163265,0
0.992744,0.374398,0,0.0163265,0
0.994558,0.374398,0,0.0163265,0
0.996372,0.374398,0,0.0163265,0
0.998186,0.374398,0,0.0163265,0
1,0.374398,0,0.0163265,0
0.967347,0.374398,0,0.0326531,0
0.970975,0.374398,0,0.0326531,0
0.974603,0.374398,0,0.0326531,0
0.978231,0.374398,0,0.0326531,0
0.981859,0.374398,0,0.0326531,0
0.985488,0.374398,0,0.0326531,0
0.989116,0.374398,0,0.0326531,0
0.992744,0.374398,0,0.0326531,0
0.996372,0.374398,0,0.0326531,0
1,0.374398,0,0.0326531,0
0.95102,0.374398,0,0.0489796,0
0.956463,0.374398,0,0.0489796,0
0.961905,0.374398,0,0.0489796,0
0.967347,0.374398,0,0.0489796,0
0.972789,0.374398,0,0.0489796,0
0.978231,0.374398,0,0.0489796,0
0.983673,0.374398,0,0.0489796,0
0.989116,0.374398,0,0.0489796,0
0.994558,0.374398,0,0.0489796,0
1,0.374398,0,0.0489796,0
0.934694,0.374398,0,0.0653061,0
0.94195,0.374398,0,0.0653061,0
0.949206,0.374398,0,0.0653061,0
0.956463,0.374398,0,0.0653061,0
0.963719,0.374398,0,0.0653061,0
0.970975,0.374398,0,0.0653061,0
0.978231,0.374398,0,0.0653061,0
0.985488,0.374398,0,0.0653061,0
0.992744,0.374398,0,0.0653061,0
1,0.374398,0,0.0653061,0
0.918367,0.374398,0,0.0816327,0
0.927438,0.374398,0,0.0816327,0
0.936508,0.374398,0,0.0816327,0
0.945578,0.374398,0,0.0816327,0
0.954649,0.374398,0,0.0816327,0
0.963719,0.374398,0,0.0816327,0
0.972789,0.374398,0,0.0816327,0
0.981859,0.374398,0,0.0816327,0
0.99093,0.374398,0,0.0816327,0
1,0.374398,0,0.0816327,0
0.902041,0.374398,0,0.0979592,0
0.912925,0.374398,0,0.0979592,0
0.92381,0.374398,0,0.0979592,0
0.934694,0.374398,0,0.0979592,0
0.945578,0.374398,0,0.0979592,0
0.956463,0.374398,0,0.0979592,0
0.967347,0.374398,0,0.0979592,0
0.978231,0.374398,0,0.0979592,0
0.989116,0.374398,0,0.0979592,0
1,0.374398,0,0.0979592,0
0.885714,0.374398,0,0.114286,0
0.898413,0.374398,0,0.114286,0
0.911111,0.374398,0,0.114286,0
0.92381,0.374398,0,0.114286,0
0.936508,0.374398,0,0.114286,0
0.949206,0.374398,0,0.114286,0
0.961905,0.374398,0,0.114286,0
0.974603,0.374398,0,0.114286,0
0.987302,0.374398,0,0.114286,0
1,0.374398,0,0.114286,0
0.869388,0.374398,0,0.130612,0
0.8839,0.374398,0,0.130612,0
0.898413,0.374398,0,0.130612,0
0.912925,0.374398,0,0.130612,0
0.927438,0.374398,0,0.130612,0
0.94195,0.374398,0,0.130612,0
0.956463,0.374398,0,0.130612,0
0.970975,0.374398,0,0.130612,0
0.985488,0.374398,0,0.130612,0
1,0.374398,0,0.130612,0
0.853061,0.374398,0,0.146939,0
0.869388,0.374398,0,0.146939,0
0.885714,0.374398,0,0.146939,0
0.902041,0.374398,0,0.146939,0
0.918367,0.374398,0,0.146939,0
0.934694,0.374398,0,0.146939,0
0.95102,0.374398,0,0.146939,0
0.967347,0.374398,0,0.146939,0
0.983673,0.374398,0,0.146939,0
1,0.374398,0,0.146939,0
0.836735,0.374398,0,0.163265,0
0.854875,0.374398,0,0.163265,0
0.873016,0.374398,0,0.163265,0
0.891156,0.374398,0,0.163265,0
0.909297,0.374398,0,0.163265,0
0.927438,0.374398,0,0.163265,0
0.945578,0.374398,0,0.163265,0
0.963719,0.374398,0,0.163265,0
0.981859,0.374398,0,0.163265,0
1,0.374398,0,0.163265,0
0.820408,0.374398,0,0.179592,0
0.840363,0.374398,0,0.179592,0
0.860317,0.374398,0,0.179592,0
0.880272,0.374398,0,0.179592,0
0.900227,0.374398,0,0.179592,0
0.920181,0.374398,0,0.179592,0
0.940136,0.374398,0,0.179592,0
0.960091,0.374398,0,0.179592,0
0.980045,0.374398,0,0.179592,0
1,0.374398,0,0.179592,0
0.804082,0.374398,0,0.195918,0
0.82585,0.374398,0,0.195918,0
0.847619,0.374398,0,0.195918,0
0.869388,0.374398,0,0.195918,0
0.891156,0.374398,0,0.195918,0
0.912925,0.374398,0,0.195918,0
0.934694,0.374398,0,0.195918,0
0.956463,0.374398,0,0.195918,0
0.978231,0.374398,0,0.195918,0
1,0.374398,0,0.195918,0
0.787755,0.374398,0.0734671,0.212245,0
0.811338,0.374398,0,0.212245,0
0.834921,0.374398,0,0.212245,0
0.858503,0.374398,0,0.212245,0
0.882086,0.374398,0,0.212245,0
0.905669,0.374398,0,0.212245,0
0.929252,0.374398,0,0.212245,0
0.952834,0.374398,0,0.212245,0
0.976417,0.374398,0,0.212245,0
1,0.374398,0,0.212245,0
0.771429,0.369306,0.11409,0.228571,0
0.796825,0.374398,0,0.228571,0
0.822222,0.374398,0,0.228571,0
0.847619,0.374398,0,0.228571,0
0.873016,0.374398,0,0.228571,0
0.898413,0.374398,0,0.228571,0
0.92381,0.374398,0,0.228571,0
0.949206,0.374398,0,0.228571,0
0.974603,0.374398,0,0.228571,0
1,0.374398,0,0.228571,0
0.755102,0.357019,0.133502,0.244898,0
0.782313,0.374398,0,0.244898,0
0.809524,0.374398,0,0.244898,0
0.836735,0.374398,0,0.244898,0
0.863946,0.374398,0,0.244898,0
0.891156,0.374398,0,0.244898,0
0.918367,0.374398,0,0.244898,0
0.945578,0.374398,0,0.244898,0
0.972789,0.374398,0,0.244898,0
1,0.374398,0,0.244898,0
0.738776,0.346121,0.146794,0.261224,0
0.7678,0.36718,0,0.261224,0
0.796825,0.374398,0,0.261224,0
0.82585,0.374398,0,0.261224,0
0.854875,0.374398,0,0.261224,0
0.8839,0.374398,0,0.261224,0
0.912925,0.374398,0,0.261224,0
0.94195,0.374398,0,0.261224,0
0.970975,0.374398,0,0.261224,0
1,0.374398,0,0.261224,0
0.722449,0.337409,0.151694,0.277551,0
0.753288,0.355022,0,0.277551,0
0.784127,0.374398,0,0.277551,0
0.814966,0.374398,0,0.277551,0
0.845805,0.374398,0,0.277551,0
0.876644,0.374398,0,0.277551,0
0.907483,0.374398,0,0.277551,0
0.938322,0.374398,0,0.277551,0
0.969161,0.374398,0,0.277551,0
1,0.374398,0,0.277551,0
0.706122,0.319575,0.152558,0.293878,0
0.738776,0.346121,0,0.293878,0
0.771429,0.369306,0,0.293878,0
0.804082,0.374398,0,0.293878,0
0.836735,0.374398,0,0.293878,0
0.869388,0.374398,0,0.293878,0
0.902041,0.374398,0,0.293878,0
0.934694,0.374398,0,0.293878,0
0.967347,0.374398,0,0.293878,0
1,0.374398,0,0.293878,0
0.689796,0.311104,0.155347,0.310204,0
0.724263,0.338466,0.02017,0.310204,0
0.75873,0.361011,0,0.310204,0
0.793197,0.374398,0,0.310204,0
0.827664,0.374398,0,0.310204,0
0.862132,0.374398,0,0.310204,0
0.896599,0.374398,0,0.310204,0
0.931066,0.374398,0,0.310204,0
0.965533,0.374398,0,0.310204,0
1,0.374398,0,0.310204,0
0.673469,0.2944,0.155246,0.326531,0
0.709751,0.325013,0.0286128,0.326531,0
0.746032,0.349694,0,0.326531,0
0.782313,0.374398,0,0.326531,0
0.818594,0.374398,0,0.326531,0
0.854875,0.374398,0,0.326531,0
0.891156,0.374398,0,0.326531,0
0.927438,0.374398,0,0.326531,0
0.963719,0.374398,0,0.326531,0
1,0.374398,0,0.326531,0
0.657143,0.273382,0.153673,0.342857,0
0.695238,0.31164,0.0438459,0.342857,0
0.733333,0.343478,0,0.342857,0
0.771429,0.369306,0,0.342857,0
0.809524,0.374398,0,0.342857,0
0.847619,0.374398,0,0.342857,0
0.885714,0.374398,0,0.342857,0
0.92381,0.374398,0,0.342857,0
0.961905,0.374398,0,0.342857,0
1,0.374398,0,0.342857,0
0.640816,0.247653,0.156,0.359184,0
0.680726,0.302349,0.0567523,0.359184,0
0.720635,0.336351,0,0.359184,0
0.760544,0.362877,0,0.359184,0
0.800454,0.374398,0,0.359184,0
0.840363,0.374398,0,0.359184,0
0.880272,0.374398,0,0.359184,0
0.920181,0.374398,0,0.359184,0
0.960091,0.374398,0,0.359184,0
1,0.374398,0,0.359184,0
0.62449,0.20409,0.157127,0.37551,0
0.666213,0.286584,0.070227,0.37551,0
0.707937,0.322294,0,0.37551,0
0.74966,0.351488,0,0.37551,0
0.791383,0.374398,0,0.37551,0
0.833107,0.374398,0,0.37551,0
0.87483,0.374398,0,0.37551,0
0.916553,0.374398,0,0.37551,0
0.958277,0.374398,0,0.37551,0
1,0.374398,0,0.37551,0
0.608163,0.184491,0.159389,0.391837,0
0.651701,0.262262,0.0836193,0.391837,0
0.695238,0.31164,0.00878647,0.391837,0
0.738776,0.346121,0,0.391837,0
0.782313,0.374398,0,0.391837,0
0.82585,0.374398,0,0.391837,0
0.869388,0.374398,0,0.391837,0
0.912925,0.374398,0,0.391837,0
0.956463,0.374398,0,0.391837,0
1,0.374398,0,0.391837,0
0.591837,0.168187,0.158167,0.408163,0
0.637188,0.234213,0.090986,0.408163,0
0.68254,0.3041,0.0211266,0.408163,0
0.727891,0.34058,0,0.408163,0
0.773243,0.370342,0,0.408163,0
0.818594,0.374398,0,0.408163,0
0.863946,0.374398,0,0.408163,0
0.909297,0.374398,0,0.408163,0
0.954649,0.374398,0,0.408163,0
1,0.374398,0,0.408163,0
0.57551,0.157003,0.160819,0.42449,0
0.622676,0.202169,0.0952994,0.42449,0
0.669841,0.290449,0.0260235,0.42449,0
0.717007,0.332726,0,0.42449,0
0.764172,0.365028,0,0.42449,0
0.811338,0.374398,0,0.42449,0
0.858503,0.374398,0,0.42449,0
0.905669,0.374398,0,0.42449,0
0.952834,0.374398,0,0.42449,0
1,0.374398,0,0.42449,0
0.559184,0.141591,0.213569,0.440816,0
0.608163,0.184491,0.131961,0.440816,0
0.657143,0.273382,0.0386384,0.440816,0
0.706122,0.319575,0,0.440816,0
0.755102,0.357019,0,0.440816,0
0.804082,0.374398,0,0.440816,0
0.853061,0.374398,0,0.440816,0
0.902041,0.374398,0,0.440816,0
0.95102,0.374398,0,0.440816,0
1,0.374398,0,0.440816,0
0.542857,0.130138,0.257678,0.457143,0
0.593651,0.169886,0.167463,0.457143,0
0.644444,0.252404,0.049952,0.457143,0
0.695238,0.31164,0,0.457143,0
0.746032,0.349694,0,0.457143,0
0.796825,0.374398,0,0.457143,0
0.847619,0.374398,0,0.457143,0
0.898413,0.374398,0,0.457143,0
0.949206,0.374398,0,0.457143,0
1,0.374398,0,0.457143,0
0.526531,0.119616,0.279861,0.473469,0
0.579138,0.161334,0.18679,0.473469,0
0.631746,0.214051,0.0697825,0.473469,0
0.684354,0.305851,0.00223658,0.473469,0
0.736961,0.34524,0,0.473469,0
0.789569,0.374398,0,0.473469,0
0.842177,0.374398,0,0.473469,0
0.894785,0.374398,0,0.473469,0
0.947392,0.374398,0,0.473469,0
1,0.374398,0,0.473469,0
0.510204,0.114456,0.310593,0.489796,0
0.564626,0.14601,0.212184,0.489796,0
0.619048,0.197904,0.0874183,0.489796,0
0.673469,0.2944,0.0148263,0.489796,0
0.727891,0.34058,0,0.489796,0
0.782313,0.374398,0,0.489796,0
0.836735,0.374398,0,0.489796,0
0.891156,0.374398,0,0.489796,0
0.945578,0.374398,0,0.489796,0
1,0.374398,0,0.489796,0
0.493878,0.10563,0.328048,0.506122,0
0.550113,0.135386,0.229634,0.506122,0
0.606349,0.182536,0.101686,0.506122,0
0.662585,0.28272,0.0180527,0.506122,0
0.718821,0.334552,0,0.506122,0
0.775057,0.371378,0,0.506122,0
0.831293,0.374398,0,0.506122,0
0.887528,0.374398,0,0.506122,0
0.943764,0.374398,0,0.506122,0
1,0.374398,0,0.506122,0
0.477551,0.0900694,0.39955,0.522449,0
0.535601,0.125378,0.283587,0.522449,0
0.593651,0.169886,0.137017,0.522449,0
0.651701,0.262262,0.0496822,0.522449,0
0.709751,0.325013,0,0.522449,0
0.7678,0.36718,0,0.522449,0
0.82585,0.374398,0,0.522449,0
0.8839,0.374398,0,0.522449,0
0.94195,0.374398,0,0.522449,0
1,0.374398,0,0.522449,0
0.461224,0.0736037,0.420347,0.538776,0
0.521088,0.116231,0.300669,0.538776,0
0.580952,0.1635,0.152014,0.538776,0
0.640816,0.247653,0.0570686,0.538776,0
0.70068,0.311418,0,0.538776,0
0.760544,0.362877,0,0.538776,0
0.820408,0.374398,0,0.538776,0
0.880272,0.374398,0,0.538776,0
0.940136,0.374398,0,0.538776,0
1,0.374398,0,0.538776,0
0.444898,0.066534,0.424181,0.555102,0
0.506576,0.112175,0.30605,0.555102,0
0.568254,0.149215,0.166171,0.555102,0
0.629932,0.209853,0.0597912,0.555102,0
0.69161,0.311849,0,0.555102,0
0.753288,0.355022,0,0.555102,0
0.814966,0.374398,0,0.555102,0
0.876644,0.374398,0,0.555102,0
0.938322,0.374398,0,0.555102,0
1,0.374398,0,0.555102,0
0.428571,0.0580098,0.440554,0.571429,0
0.492063,0.104843,0.322683,0.571429,0
0.555556,0.139127,0.180224,0.571429,0
0.619048,0.197904,0.0726676,0.571429,0
0.68254,0.3041,0,0.571429,0
0.746032,0.349694,0,0.571429,0
0.809524,0.374398,0,0.571429,0
0.873016,0.374398,0,0.571429,0
0.936508,0.374398,0,0.571429,0
1,0.374398,0,0.571429,0
0.412245,0.048921,0.453675,0.587755,0
0.477551,0.0900694,0.337601,0.587755,0
0.542857,0.130138,0.1971,0.587755,0
0.608163,0.184491,0.0788323,0.587755,0
0.673469,0.2944,0,0.587755,0
0.738776,0.346121,0,0.587755,0
0.804082,0.374398,0,0.587755,0
0.869388,0.374398,0,0.587755,0
0.934694,0.374398,0,0.587755,0
1,0.374398,0,0.587755,0
0.395918,0.0384913,0.459064,0.604082,0
0.463039,0.0754034,0.349259,0.604082,0
0.530159,0.121921,0.208601,0.604082,0
0.597279,0.173284,0.0825886,0.604082,0
0.664399,0.284652,0.0065203,0.604082,0
0.731519,0.342598,0,0.604082,0
0.798639,0.374398,0,0.604082,0
0.86576,0.374398,0,0.604082,0
0.93288,0.374398,0,0.604082,0
1,0.374398,0,0.604082,0
0.379592,0.0312773,0.484373,0.620408,0
0.448526,0.0668363,0.375862,0.620408,0
0.51746,0.115815,0.226607,0.620408,0
0.586395,0.165655,0.0894064,0.620408,0
0.655329,0.269675,0.0185083,0.620408,0
0.724263,0.338466,0,0.620408,0
0.793197,0.374398,0,0.620408,0
0.862132,0.374398,0,0.620408,0
0.931066,0.374398,0,0.620408,0
1,0.374398,0,0.620408,0
0.363265,0.0263643,0.505819,0.636735,0
0.434014,0.0610572,0.396191,0.636735,0
0.504762,0.111034,0.243415,0.636735,0
0.57551,0.157003,0.0964755,0.636735,0
0.646259,0.254688,0.0249579,0.636735,0
0.717007,0.332726,0,0.636735,0
0.787755,0.374398,0,0.636735,0
0.858503,0.374398,0,0.636735,0
0.929252,0.374398,0,0.636735,0
1,0.374398,0,0.636735,0
0.346939,0.0207517,0.528583,0.653061,0
0.419501,0.0536676,0.416243,0.653061,0
0.492063,0.104843,0.273728,0.653061,0
0.564626,0.14601,0.103182,0.653061,0
0.637188,0.234213,0.0288083,0.653061,0
0.709751,0.325013,0,0.653061,0
0.782313,0.374398,0,0.653061,0
0.854875,0.374398,0,0.653061,0
0.927438,0.374398,0,0.653061,0
1,0.374398,0,0.653061,0
0.330612,0.0165801,0.589089,0.669388,0
0.404989,0.0439732,0.466169,0.669388,0
0.479365,0.0918916,0.320645,0.669388,0
0.553741,0.137895,0.130779,0.669388,0
0.628118,0.207932,0.0322429,0.669388,0
0.702494,0.314137,0,0.669388,0
0.776871,0.372414,0,0.669388,0
0.851247,0.374398,0,0.669388,0
0.925624,0.374398,0,0.669388,0
1,0.374398,0,0.669388,0
0.314286,0.0133342,0.596536,0.685714,0
0.390476,0.0355867,0.475004,0.685714,0
0.466667,0.0790864,0.328266,0.685714,0
0.542857,0.130138,0.148635,0.685714,0
0.619048,0.197904,0.0663928,0.685714,0
0.695238,0.31164,0,0.685714,0
0.771429,0.369306,0,0.685714,0
0.847619,0.374398,0,0.685714,0
0.92381,0.374398,0,0.685714,0
1,0.374398,0,0.685714,0
0.297959,0.0109879,0.598131,0.702041,0
0.375964,0.030732,0.479807,0.702041,0
0.453968,0.0687909,0.334477,0.702041,0
0.531973,0.123073,0.152228,0.702041,0
0.609977,0.186445,0.0759109,0.702041,0
0.687982,0.309353,0,0.702041,0
0.765986,0.366104,0,0.702041,0
0.843991,0.374398,0,0.702041,0
0.921995,0.374398,0,0.702041,0
1,0.374398,0,0.702041,0
0.281633,0.00789121,0.605947,0.718367,0
0.361451,0.0255594,0.489401,0.718367,0
0.44127,0.0661541,0.346113,0.718367,0
0.521088,0.116231,0.163582,0.718367,0
0.600907,0.176682,0.0799621,0.718367,0
0.680726,0.302349,0,0.718367,0
0.760544,0.362877,0,0.718367,0
0.840363,0.374398,0,0.718367,0
0.920181,0.374398,0,0.718367,0
1,0.374398,0,0.718367,0
0.265306,0.00548711,0.614423,0.734694,0
0.346939,0.0207517,0.499386,0.734694,0
0.428571,0.0580098,0.3564,0.734694,0
0.510204,0.114456,0.17671,0.734694,0
0.591837,0.168187,0.0838705,0.734694,0
0.673469,0.2944,0,0.734694,0
0.755102,0.357019,0,0.734694,0
0.836735,0.374398,0,0.734694,0
0.918367,0.374398,0,0.734694,0
1,0.374398,0,0.734694,0
0.24898,0.00260698,0.627298,0.75102,0
0.332426,0.0170755,0.512591,0.75102,0
0.415873,0.0512943,0.366,0.75102,0
0.49932,0.10799,0.191176,0.75102,0
0.582766,0.164264,0.0873305,0.75102,0
0.666213,0.286584,0,0.75102,0
0.74966,0.351488,0,0.75102,0
0.833107,0.374398,0,0.75102,0
0.916553,0.374398,0,0.75102,0
1,0.374398,0,0.75102,0
0.232653,0.00125464,0.64006,0.767347,0
0.317914,0.0138041,0.524731,0.767347,0
0.403175,0.0427302,0.375482,0.767347,0
0.488435,0.101466,0.197397,0.767347,0
0.573696,0.154838,0.0902257,0.767347,0
0.658957,0.277088,0,0.767347,0
0.744218,0.348797,0,0.767347,0
0.829478,0.374398,0,0.767347,0
0.914739,0.374398,0,0.767347,0
1,0.374398,0,0.767347,0
0.216327,0.000843275,0.639043,0.783673,0
0.303401,0.0118631,0.525498,0.783673,0
0.390476,0.0355867,0.376799,0.783673,0
0.477551,0.0900694,0.201295,0.783673,0
0.564626,0.14601,0.0912527,0.783673,0
0.651701,0.262262,0,0.783673,0
0.738776,0.346121,0,0.783673,0
0.82585,0.374398,0,0.783673,0
0.912925,0.374398,0,0.783673,0
1,0.374398,0,0.783673,0
0.2,0.000351203,0.641122,0.8,0
0.288889,0.00934688,0.528716,0.8,0
0.377778,0.0310047,0.379831,0.8,0
0.466667,0.0790864,0.211055,0.8,0
0.555556,0.139127,0.103158,0.8,0
0.644444,0.252404,0.0147308,0.8,0
0.733333,0.343478,0,0.8,0
0.822222,0.374398,0,0.8,0
0.911111,0.374398,0,0.8,0
1,0.374398,0,0.8,0
